city_code,district_code,village,neighbor,street,area,lane,alley,number,address,x,y
10013,1001327,佳暮村,4,,光明巷,,,１之６號,,221220.87,2517839.91
10013,1001327,佳暮村,4,,光明巷,,,１之７號,,221208.45,2517846.74
10013,1001327,佳暮村,4,,光明巷,,,２號,,221216.97,2517955.79
10013,1001327,佳暮村,4,,光明巷,,,３號,,221236.67,2517984.42
10013,1001327,佳暮村,4,,光明巷,,,４號,,221241.41,2518041.02
10013,1001327,佳暮村,4,,光明巷,,,５號,,221235.33,2518030.97
10013,1001327,佳暮村,4,,光明巷,,,６號,,221222.97,2517998.62
10013,1001327,佳暮村,4,,光明巷,,,９號,,221207.19,2517967.86
10013,1001327,佳暮村,4,,光明巷,,,１１號,,221201.92,2518137.5
10013,1001327,佳暮村,4,,光明巷,,,１４號,,221212.92,2518103.62
10013,1001327,佳暮村,4,,光明巷,,,１５號,,221213.92,2518079.42
10013,1001327,佳暮村,4,,光明巷,,,１６號,,221208.57,2518066.57
10013,1001327,佳暮村,4,,光明巷,,,１７號,,221202.92,2518055.27
10013,1001327,佳暮村,4,,光明巷,,,１８號,,221182.07,2518037.07
10013,1001327,佳暮村,4,,光明巷,,,１９號,,221175.97,2518029.47
10013,1001327,佳暮村,4,,光明巷,,,２０號,,221172.02,2518021.47
10013,1001327,佳暮村,4,,光明巷,,,２１之１號,,221162.32,2518007.37
10013,1001327,佳暮村,4,,光明巷,,,２２號,,221159.12,2517998.67
10013,1001327,佳暮村,4,,光明巷,,,２３號,,221158.67,2517985.87
10013,1001327,佳暮村,4,,光明巷,,,２４號,,221163.47,2517911.97
10013,1001327,佳暮村,4,,光明巷,,,２５號,,221151.87,2517919.02
10013,1001327,佳暮村,4,,光明巷,,,２７號,,221148.02,2517928.67
10013,1001327,佳暮村,4,,光明巷,,,２８號,,221154.37,2517936.27
10013,1001327,佳暮村,4,,光明巷,,,２９號,,221151.77,2517962.52
10013,1001327,佳暮村,4,,光明巷,,,３０號,,221150.02,2517973.02
10013,1001327,佳暮村,4,,光明巷,,,３１號,,221148.47,2517986.52
10013,1001327,佳暮村,4,,光明巷,,,３２號,,221149.07,2518000.07
10013,1001327,佳暮村,4,,光明巷,,,３３號,,221156.92,2518016.02
10013,1001327,佳暮村,4,,光明巷,,,３４號,,221162.67,2518027.87
10013,1001327,佳暮村,4,,光明巷,,,３５號,,221173.22,2518042.52
10013,1001327,佳暮村,4,,光明巷,,,３６號,,221181.57,2518052.82
10013,1001327,佳暮村,4,,光明巷,,,３７號,,221189.72,2518065.27
10013,1001327,佳暮村,4,,光明巷,,,３８號,,221197.47,2518081.57
10013,1001327,佳暮村,4,,光明巷,,,４０號,,221188.87,2518130.07
10013,1001327,佳暮村,4,,光明巷,,,４１號,,221186.15,2518140.25
10013,1001327,佳暮村,4,,光明巷,,,４９號,,221189.2,2518203.99
10013,1001327,佳暮村,4,,光明巷,,,５０號,,221182.92,2518194.37
10013,1001327,佳暮村,4,,光明巷,,,５２號,,221174.62,2518172.87
10013,1001327,佳暮村,4,,光明巷,,,５３號,,221172.97,2518162.37
10013,1001327,佳暮村,4,,光明巷,,,５４號,,221169.77,2518150.92
10013,1001327,佳暮村,4,,光明巷,,,５５號,,221170.47,2518136.72
10013,1001327,佳暮村,4,,光明巷,,,５６號,,221151.37,2518140.32
10013,1001327,佳暮村,4,,光明巷,,,５８號,,221150.56,2518159.99
10013,1001327,佳暮村,4,,光明巷,,,５９號,,221155.17,2518171.82
10013,1001327,佳暮村,4,,光明巷,,,６０號,,221156.62,2518184.12
10013,1001327,佳暮村,4,,光明巷,,,６１號,,221163.02,2518194.52
10013,1001327,佳暮村,4,,光明巷,,,６２號,,221175.13,2518183.39
10013,1001327,佳暮村,4,,光明巷,,,６３號,,221175.14,2518216.49
10013,1001327,佳暮村,4,,光明巷,,,６４號,,221182.87,2518224.49
10013,1001327,佳暮村,4,,光明巷,,,６５號,,221193.72,2518231.27
10013,1001327,佳暮村,4,,光明巷,,,６６號,,221201.92,2518241.67
10013,1001327,佳暮村,4,,光明巷,,,６７號,,221209.97,2518250.32
10013,1001327,佳暮村,4,,光明巷,,,６８號,,221216.12,2518261.97
10013,1001327,佳暮村,5,,小原巷,,,１號,,221877.35,2518339.49
10013,1001327,佳暮村,5,,小原巷,,,２號,,221876.51,2518326.98
10013,1001327,佳暮村,5,,小原巷,,,３號,,221874.67,2518314.87
10013,1001327,佳暮村,5,,小原巷,,,４號,,221872.67,2518303.49
10013,1001327,佳暮村,5,,小原巷,,,５號,,221872.2,2518290
10013,1001327,佳暮村,5,,小原巷,,,６號,,221872.2,2518281.5
10013,1001327,佳暮村,5,,小原巷,,,８號,,221877.35,2518258.5
10013,1001327,佳暮村,5,,小原巷,,,９號,,221882.49,2518246.74
10013,1001327,佳暮村,5,,小原巷,,,１０號,,221886.71,2518267.99
10013,1001327,佳暮村,5,,小原巷,,,１１號,,221888.59,2518280.99
10013,1001327,佳暮村,5,,小原巷,,,１２之３號,,221803.2,2518270.8
10013,1001327,佳暮村,5,,小原巷,,,１２號,,221900.76,2518267.99
10013,1001327,佳暮村,5,,小原巷,,,１３號,,221902.64,2518283
10013,1001327,佳暮村,5,,小原巷,,,１４號,,221901.59,2518302.74
10013,1001327,佳暮村,5,,小原巷,,,１５號,,221890,2518335.49
10013,1001327,佳暮村,5,,小原巷,,,１６號,,221886.04,2518346.42
10013,1001327,佳暮村,5,,流川巷,,,２號,,221806.93,2518343.99
10013,1001327,佳暮村,5,,流川巷,,,２之１號,,221802.26,2518331.24
10013,1001327,佳暮村,5,,流川巷,,,３號,,221827.33,2518376.38
10013,1001327,佳暮村,5,,流川巷,,,４號,,221826.62,2518363.49
10013,1001327,佳暮村,5,,流川巷,,,５號,,221823.57,2518355.42
10013,1001327,佳暮村,5,,流川巷,,,６號,,221822.37,2518346.42
10013,1001327,佳暮村,5,,流川巷,,,７號,,221824.74,2518336.49
10013,1001327,佳暮村,5,,流川巷,,,８號,,221826.57,2518328.32
10013,1001327,佳暮村,5,,流川巷,,,８之２號,,221824.87,2518316.37
10013,1001327,佳暮村,5,,流川巷,,,９之１號,,221829.42,2518305.88
10013,1001327,佳暮村,5,,流川巷,,,１０號,,221828.68,2518294.74
10013,1001327,佳暮村,5,,流川巷,,,１０之１號,,221841.56,2518259.99
10013,1001327,佳暮村,5,,流川巷,,,１０之２號,,221836.87,2518267.49
10013,1001327,佳暮村,5,,流川巷,,,１０之３號,,221833.12,2518275
10013,1001327,佳暮村,5,,流川巷,,,１０之４號,,221832.97,2518279.97
10013,1001327,佳暮村,5,,流川巷,,,１２號,,221837.37,2518327.57
10013,1001327,佳暮村,5,,流川巷,,,１２之１號,,221837.27,2518316.42
10013,1001327,佳暮村,5,,流川巷,,,１４號,,221836.02,2518338.57
10013,1001327,佳暮村,5,,流川巷,,,１５號,,221838.51,2518351.49
10013,1001327,佳暮村,5,,流川巷,,,１６號,,221837.81,2518374.24
10013,1001327,佳暮村,5,,流川巷,,,１７號,,221834.72,2518381.17
10013,1001327,佳暮村,5,,流川巷,,,１８號,,221844.17,2518397.72
10013,1001327,佳暮村,5,,流川巷,,,１８之２號,,221849.51,2518376.49
10013,1001327,佳暮村,5,,流川巷,,,１８之３號,,221847.62,2518367.07
10013,1001327,佳暮村,5,,流川巷,,,１９號,,221849.97,2518347.82
10013,1001327,佳暮村,5,,流川巷,,,１９之１號,,221850.07,2518355.32
10013,1001327,佳暮村,5,,流川巷,,,２０號,,221849.77,2518340.97
10013,1001327,佳暮村,5,,流川巷,,,２１號,,221849.47,2518329.62
10013,1001327,佳暮村,5,,流川巷,,,２２號,,221848.62,2518320.47
10013,1001327,佳暮村,5,,流川巷,,,２３號,,221850.45,2518308.75
10013,1001327,佳暮村,5,,流川巷,,,２４號,,221849.98,2518297.5
10013,1001327,佳暮村,5,,流川巷,,,２５號,,221848.1,2518287.49
10013,1001327,佳暮村,5,,流川巷,,,２６號,,221849.14,2518275
10013,1001327,佳暮村,5,,流川巷,,,２７號,,221856.97,2518264.17
10013,1001327,佳暮村,5,,流川巷,,,２７之１號,,221864.57,2518248.87
10013,1001327,佳暮村,5,,流川巷,,,２７之２號,,221879.03,2518234.24
10013,1001327,佳暮村,5,,流川巷,,,２８號,,221860.76,2518272.99
10013,1001327,佳暮村,5,,流川巷,,,２９號,,221858.77,2518281.57
10013,1001327,佳暮村,5,,流川巷,,,３０號,,221859.72,2518290.07
10013,1001327,佳暮村,5,,流川巷,,,３１號（長老教會）,,221861.07,2518311.42
10013,1001327,佳暮村,5,,流川巷,,,３２號,,221863.76,2518321.25
10013,1001327,佳暮村,5,,流川巷,,,３３號,,221866.1,2518334
10013,1001327,佳暮村,5,,流川巷,,,３４號,,221864.77,2518342.75
10013,1001327,佳暮村,5,,流川巷,,,３５號,,221862.47,2518353.42
10013,1001327,佳暮村,5,,流川巷,,,３６號,,221864.12,2518365.25
10013,1001327,佳暮村,5,,流川巷,,,３７號,,221862.25,2518374.5
10013,1001327,佳暮村,3,百合路,,７６巷,,１號,,207199.26,2510555.33
10013,1001327,佳暮村,3,百合路,,７６巷,,３號,,207194.63,2510559.24
10013,1001327,佳暮村,3,百合路,,７６巷,,５號,,207187.16,2510566.89
10013,1001327,佳暮村,3,百合路,,７６巷,,７號,,207180.76,2510572.23
10013,1001327,佳暮村,3,百合路,,７６巷,,９號,,207172.22,2510581.3
10013,1001327,佳暮村,3,百合路,,７６巷,,１１號,,207166.94,2510586.98
10013,1001327,佳暮村,3,百合路,,,,７８號,,207190.6,2510539.91
10013,1001327,佳暮村,3,百合路,,,,８０號,,207184.98,2510535.93
10013,1001327,佳暮村,3,百合路,,８２巷,,２號,,207175.38,2510525.86
10013,1001327,佳暮村,3,百合路,,８２巷,,６號,,207168.58,2510532.65
10013,1001327,佳暮村,3,百合路,,８２巷,,８號,,207157.11,2510545.3
10013,1001327,佳暮村,3,百合路,,８２巷,,９號,,207137.2,2510532.65
10013,1001327,佳暮村,3,百合路,,８２巷,,１０號,,207151.25,2510551.39
10013,1001327,佳暮村,3,百合路,,８２巷,,１１號,,207129.71,2510538.5
10013,1001327,佳暮村,3,百合路,,８２巷,,１２號,,207144.23,2510558.65
10013,1001327,佳暮村,3,百合路,,８２巷,,１６號,,207139.08,2510564.73
10013,1001327,佳暮村,3,百合路,,,,８６號（佳暮基督長老教會））,,207152.87,2510509.02
10013,1001327,佳暮村,2,百合路,,,,９０號,,207138.19,2510497.71
10013,1001327,佳暮村,2,百合路,,,,９２號,,207132.73,2510493.97
10013,1001327,佳暮村,2,百合路,,９６巷,,１號,,207110.47,2510487.36
10013,1001327,佳暮村,2,百合路,,９６巷,,２號,,207129.72,2510504.31
10013,1001327,佳暮村,2,百合路,,９６巷,,３號,,207104.29,2510492.39
10013,1001327,佳暮村,2,百合路,,９６巷,,５號,,207099.26,2510498.42
10013,1001327,佳暮村,2,百合路,,９６巷,,６號,,207124.26,2510509.63
10013,1001327,佳暮村,2,百合路,,９６巷,,７號,,207094.52,2510503.02
10013,1001327,佳暮村,2,百合路,,９６巷,,８號,,207118.23,2510516.67
10013,1001327,佳暮村,2,百合路,,９６巷,,１０號,,207112.91,2510521.55
10013,1001327,佳暮村,2,百合路,,,,９８號,,207120.67,2510482.91
10013,1001327,佳暮村,2,百合路,,,,１００號,,207114.78,2510478.46
10013,1001327,佳暮村,2,百合路,,,,１０２號,,207108.89,2510473.57
10013,1001327,佳暮村,2,百合路,,,,１０４號,,207103.72,2510469.26
10013,1001327,佳暮村,1,百合路,,,,１０８號（佳暮天主教堂）,,207084,2510448.68
10013,1001327,佳暮村,1,百合路,,,,１１０號,,207066.94,2510436.08
10013,1001327,佳暮村,1,百合路,,,,１１２號,,207061.77,2510430.05
10013,1001327,佳暮村,1,百合路,,,,１１６號,,207055.74,2510424.88
10013,1001327,佳暮村,1,百合路,,,,１１８號,,207050.28,2510419.7
10013,1001327,佳暮村,1,百合路,,１２０巷,,１號,,207029.31,2510413.38
10013,1001327,佳暮村,1,百合路,,１２０巷,,２號,,207047.12,2510429.19
10013,1001327,佳暮村,1,百合路,,１２０巷,,３號,,207025,2510419.13
10013,1001327,佳暮村,1,百合路,,１２０巷,,５號,,207018.96,2510426.31
10013,1001327,佳暮村,1,百合路,,１２０巷,,６號,,207042.81,2510435.79
10013,1001327,佳暮村,1,百合路,,１２０巷,,７號,,207014.37,2510431.48
10013,1001327,佳暮村,1,百合路,,１２０巷,,８號,,207037.06,2510442.98
10013,1001327,佳暮村,1,百合路,,１２０巷,,１０號,,207031.89,2510448.72
10013,1001327,佳暮村,1,百合路,,,,１２２號,,207042.52,2510409.07
10013,1001327,佳暮村,1,百合路,,,,１２６號,,207035.34,2510405.05
10013,1001327,佳暮村,1,百合路,,,,１２８號,,207029.59,2510401.03
10013,1001327,佳暮村,1,百合路,,,,１３０號,,207023.27,2510395.28
10013,1001327,佳暮村,1,百合路,,１３２巷,,２號,,207022.12,2510406.49
10013,1001327,佳暮村,1,百合路,,１３２巷,,６號,,207016.09,2510412.52
10013,1001327,佳暮村,1,百合路,,１３２巷,,８號,,207011.78,2510419.7
10013,1001327,佳暮村,1,百合路,,１３２巷,,１０號,,207006.9,2510425.45
10013,1001327,佳暮村,3,魯凱街,,,,７９號,,207155.47,2510578.79
10013,1001327,佳暮村,3,魯凱街,,,,８１號,,207149.85,2510573.87
10013,1001327,佳暮村,3,魯凱街,,,,８７號,,207121.51,2510550.21
10013,1001327,佳暮村,3,魯凱街,,,,８９號,,207116.59,2510544.59
10013,1001327,佳暮村,2,魯凱街,,,,９７號,,207091.79,2510515.66
10013,1001327,佳暮村,2,魯凱街,,,,９９號,,207085.76,2510511.78
10013,1001327,佳暮村,2,魯凱街,,,,１０１號,,207080.73,2510505.32
10013,1001327,佳暮村,2,魯凱街,,,,１０３號,,207075.7,2510500.44
10013,1001327,佳暮村,1,魯凱街,,,,１０７號（佳暮多功能集會所）,,207054.77,2510488.31
10013,1001327,佳暮村,1,魯凱街,,,,１１１號,,207037.64,2510465.96
10013,1001327,佳暮村,1,魯凱街,,,,１１３號,,207032.18,2510461.65
10013,1001327,佳暮村,1,魯凱街,,,,１１５號,,207026.43,2510456.77
10013,1001327,佳暮村,1,魯凱街,,,,１１７號,,207020.97,2510452.74
10013,1001327,佳暮村,1,魯凱街,,,,１２１號,,207011.78,2510441.54
10013,1001327,佳暮村,1,魯凱街,,,,１２３號,,207005.75,2510437.52
10013,1001327,佳暮村,1,魯凱街,,,,１２５號,,207000.58,2510430.91
10013,1001327,佳暮村,1,魯凱街,,,,１２７號,,206994.54,2510426.89
10013,1001327,吉露村,2,,前山巷,,,１號,,224150.98,2515714.4
10013,1001327,吉露村,2,,前山巷,,,１之５號,,223712.77,2515724.81
10013,1001327,吉露村,2,,前山巷,,,１之７號,,223382.05,2515392.69
10013,1001327,吉露村,2,,前山巷,,,２號,,224167.96,2515717.68
10013,1001327,吉露村,2,,前山巷,,,３號,,224169.54,2515726.39
10013,1001327,吉露村,2,,前山巷,,,４號,,224172.76,2515737.48
10013,1001327,吉露村,2,,前山巷,,,５號,,224179.92,2515725.32
10013,1001327,吉露村,2,,前山巷,,,７號,,224183.29,2515702.43
10013,1001327,吉露村,2,,前山巷,,,８號,,224180.77,2515694.36
10013,1001327,吉露村,2,,前山巷,,,９號,,224191.72,2515723.17
10013,1001327,吉露村,2,,前山巷,,,１１號,,224197.36,2515704.48
10013,1001327,吉露村,2,,前山巷,,,１１之１號,,224192.78,2515697.56
10013,1001327,吉露村,2,,前山巷,,,１２號,,224202.21,2515688.23
10013,1001327,吉露村,2,,前山巷,,,１３號,,224205.32,2515696.95
10013,1001327,吉露村,2,,前山巷,,,１７號,,224207.01,2515718.68
10013,1001327,吉露村,2,,前山巷,,,１８號,,224203.51,2515731.33
10013,1001327,吉露村,2,,前山巷,,,１９號,,224191.01,2515757.51
10013,1001327,吉露村,2,,前山巷,,,２０號,,224193.58,2515769.28
10013,1001327,吉露村,2,,前山巷,,,２１號,,224199.51,2515774.98
10013,1001327,吉露村,2,,前山巷,,,２２號,,224204.21,2515782.43
10013,1001327,吉露村,2,,前山巷,,,２６號,,224203.86,2515763.36
10013,1001327,吉露村,2,,前山巷,,,２７號,,224203.53,2515753.58
10013,1001327,吉露村,2,,前山巷,,,２８號,,224221.61,2515773.88
10013,1001327,吉露村,2,,前山巷,,,２８之２號,,224231.06,2515779.7
10013,1001327,吉露村,2,,前山巷,,,２９號,,224215.86,2515761.33
10013,1001327,吉露村,2,,前山巷,,,３０號,,224211.4,2515742.49
10013,1001327,吉露村,2,,前山巷,,,３４號,,224215.31,2515732.28
10013,1001327,吉露村,2,,大川巷,,,１號,,224226.36,2515726.28
10013,1001327,吉露村,2,,大川巷,,,１之２號,,224242.09,2515726.4
10013,1001327,吉露村,2,,大川巷,,,２號,,224226.46,2515738.28
10013,1001327,吉露村,2,,大川巷,,,１５號,,224228.09,2515749.65
10013,1001327,吉露村,1,文化街,,,,２３２號,,206788.69,2510092.44
10013,1001327,吉露村,1,文化街,,,,２３６號,,206784.15,2510088.47
10013,1001327,吉露村,1,文化街,,,,２３８號,,206777.62,2510082.79
10013,1001327,吉露村,1,文化街,,,,２４０號,,206774.5,2510078.25
10013,1001327,吉露村,1,文化街,,,,２４２號（吉露多功能集會所）,,206748.5,2510064.49
10013,1001327,吉露村,1,文化街,,,,２５０號,,206733.62,2510044.47
10013,1001327,吉露村,1,文化街,,,,２５２號,,206729.08,2510039.08
10013,1001327,吉露村,1,文化街,,,,２５６號,,206722.55,2510033.69
10013,1001327,吉露村,1,文化街,,,,２５８號,,206717.44,2510029.43
10013,1001327,吉露村,2,文化街,,,,２６２號,,206707.51,2510018.36
10013,1001327,吉露村,2,文化街,,,,２６６號,,206701.55,2510012.68
10013,1001327,吉露村,2,文化街,,,,２６８號,,206693.88,2510003.03
10013,1001327,吉露村,2,文化街,,,,２７０號,,206688.21,2509998.21
10013,1001327,吉露村,2,文化街,,,,２７２號,,206679.12,2509989.41
10013,1001327,吉露村,2,文化街,,,,２７６號,,206674.58,2509984.01
10013,1001327,吉露村,2,文化街,,,,２７８號,,206666.07,2509976.63
10013,1001327,吉露村,2,文化街,,,,２８０號,,206661.24,2509972.66
10013,1001327,吉露村,2,文化街,,,,２８２號,,206650.46,2509964.15
10013,1001327,吉露村,2,文化街,,,,２８６號,,206646.2,2509958.18
10013,1001327,吉露村,1,百合路,,２３１巷,,２號,,206772.51,2510099.82
10013,1001327,吉露村,1,百合路,,２３１巷,,６號,,206777.62,2510095.28
10013,1001327,吉露村,1,百合路,,,,２３３號,,206769.1,2510111.74
10013,1001327,吉露村,1,百合路,,,,２３５號,,206763.14,2510107.77
10013,1001327,吉露村,1,百合路,,,,２３７號,,206758.32,2510102.66
10013,1001327,吉露村,1,百合路,,,,２３９號,,206754.06,2510096.98
10013,1001327,吉露村,1,百合路,,,,２４１號（吉露天主教堂）,,206738.84,2510089.1
10013,1001327,吉露村,1,百合路,,,,２５１號,,206715.74,2510063.49
10013,1001327,吉露村,1,百合路,,,,２５３號,,206709.78,2510059.23
10013,1001327,吉露村,1,百合路,,,,２５５號,,206703.25,2510053.56
10013,1001327,吉露村,1,百合路,,,,２５７號,,206698.43,2510049.87
10013,1001327,吉露村,1,百合路,,２５９巷,,１號,,206710.63,2510045.32
10013,1001327,吉露村,2,百合路,,２５９巷,,２號,,206689.63,2510029.15
10013,1001327,吉露村,1,百合路,,２５９巷,,３號,,206715.74,2510038.8
10013,1001327,吉露村,2,百合路,,２５９巷,,６號,,206693.88,2510022.62
10013,1001327,吉露村,2,百合路,,,,２６１號,,206686.22,2510040.22
10013,1001327,吉露村,2,百合路,,,,２６３號,,206681.11,2510035.11
10013,1001327,吉露村,2,百合路,,,,２６５號,,206671.74,2510025.17
10013,1001327,吉露村,2,百合路,,,,２６７號,,206667.77,2510018.64
10013,1001327,吉露村,2,百合路,,,,２６９號,,206658.12,2510013.25
10013,1001327,吉露村,2,百合路,,,,２７１號,,206654.43,2510008.42
10013,1001327,吉露村,2,百合路,,,,２７３號,,206644.49,2510000.48
10013,1001327,吉露村,2,百合路,,,,２７５號,,206640.24,2509995.37
10013,1001327,吉露村,2,百合路,,,,２７７號（吉露循理教會）,,206628.59,2509985.97
10013,1001327,吉露村,2,百合路,,,,２８１號,,206615.54,2509974.08
10013,1001327,吉露村,2,百合路,,,,２８３號,,206611,2509969.54
10013,1001327,吉露村,2,百合路,,,,２８７號,,206577.76,2509935.19
10013,1001327,大武村,1,,小山巷,,,２之１８號,,224510.86,2517359.55
10013,1001327,大武村,1,,小山巷,,,２之８號,,224378.5,2517468.99
10013,1001327,大武村,1,,小山巷,,,２號,,224729.9,2517336.02
10013,1001327,大武村,1,,小山巷,,,２之１５號,,224438.12,2517399.09
10013,1001327,大武村,1,,小山巷,,,２之１０號,,224398.12,2517417.65
10013,1001327,大武村,1,,小山巷,,,３號,,224741.14,2517330.52
10013,1001327,大武村,1,,小山巷,,,４號,,224753.12,2517319.7
10013,1001327,大武村,1,,小山巷,,,６號,,224749.32,2517340.37
10013,1001327,大武村,1,,小山巷,,,６之１號,,224754.98,2517336.58
10013,1001327,大武村,1,,小山巷,,,７之３號,,224753.24,2517354.7
10013,1001327,大武村,1,,小山巷,,,７號,,224745.63,2517343.45
10013,1001327,大武村,1,,小山巷,,,７之１號,,224740.35,2517347.51
10013,1001327,大武村,1,,小山巷,,,８號,,224734.5,2517380.52
10013,1001327,大武村,1,,小山巷,,,８之１號,,224783.03,2517364.19
10013,1001327,大武村,1,,小山巷,,,８之２號,,224796.08,2517363.34
10013,1001327,大武村,1,,小山巷,,,８之３號,,224784.63,2517374.24
10013,1001327,大武村,1,,小山巷,,,８之４號,,224797.68,2517374.19
10013,1001327,大武村,1,,小山巷,,,９號,,224741.26,2517378.53
10013,1001327,大武村,1,,小山巷,,,９之１號,,224753.3,2517376.08
10013,1001327,大武村,1,,小山巷,,,１０號,,224743.15,2517405.02
10013,1001327,大武村,1,,小山巷,,,１１號,,224770.33,2517381.12
10013,1001327,大武村,1,,小山巷,,,１２號,,224765.14,2517376.45
10013,1001327,大武村,1,,小山巷,,,１２之１號,,224781.78,2517383.84
10013,1001327,大武村,1,,小山巷,,,１２之２號,,224757.72,2517405.22
10013,1001327,大武村,1,,小山巷,,,１２之３號,,224770,2517365.69
10013,1001327,大武村,1,,小山巷,,,１２之４號,,224788.58,2517393.14
10013,1001327,大武村,1,,小山巷,,,１２之５號,,224778.88,2517393.34
10013,1001327,大武村,1,,小山巷,,,１３之１６號,,224790.83,2517460.82
10013,1001327,大武村,1,,小山巷,,,１３之１５號,,224827.41,2517493.85
10013,1001327,大武村,1,,小山巷,,,１３之１２號,,224885.22,2517465.24
10013,1001327,大武村,1,,小山巷,,,１３之１０號,,224852.3,2517375.45
10013,1001327,大武村,1,,小山巷,,,１３之３號,,224796.87,2517475.47
10013,1001327,大武村,1,,小山巷,,,１３之４號,,224816.02,2517462.73
10013,1001327,大武村,1,,小山巷,,,１３之５號,,224818.03,2517479.38
10013,1001327,大武村,1,,小山巷,,,１３之６號,,224820,2517473.9
10013,1001327,大武村,1,,小山巷,,,１３之７號,,224814.29,2517483.44
10013,1001327,大武村,1,,小山巷,,,１３之８號,,224856.26,2517410.73
10013,1001327,大武村,1,,小山巷,,,１３之９號,,224847.03,2517425.21
10013,1001327,大武村,2,,小山巷,,,１４號,,224762.4,2517499.56
10013,1001327,大武村,2,,小山巷,,,１５號,,224753.89,2517484.06
10013,1001327,大武村,2,,小山巷,,,１６號,,224715,2517500.24
10013,1001327,大武村,2,,小山巷,,,１６之１號,,224733.48,2517497.01
10013,1001327,大武村,2,,小山巷,,,１６之２號,,224750.69,2517497.07
10013,1001327,大武村,2,,小山巷,,,１７號,,224721.99,2517487.76
10013,1001327,大武村,2,,小山巷,,,１９號,,224721.5,2517510.22
10013,1001327,大武村,2,,小山巷,,,２０號,,224732.23,2517512.39
10013,1001327,大武村,2,,小山巷,,,２０之１號,,224741.09,2517521.05
10013,1001327,大武村,2,,小山巷,,,２１號,,224741.3,2517507.59
10013,1001327,大武村,2,,小山巷,,,２２之２號,,224772.46,2517515.8
10013,1001327,大武村,2,,小山巷,,,２２號,,224756.75,2517511.62
10013,1001327,大武村,2,,小山巷,,,２２之１號,,224774.8,2517502.28
10013,1001327,大武村,2,,小山巷,,,２３號,,224758.09,2517526.96
10013,1001327,大武村,2,,小山巷,,,２３之１號,,224779.89,2517535.75
10013,1001327,大武村,2,,小山巷,,,２５號,,224728.24,2517522.22
10013,1001327,大武村,2,,小山巷,,,２７號,,224693.34,2517518.85
10013,1001327,大武村,2,,小山巷,,,２７之１號,,224685.98,2517505.62
10013,1001327,大武村,2,,小山巷,,,２８號,,224679.35,2517522.3
10013,1001327,大武村,2,,小山巷,,,２９號,,224669.48,2517528.99
10013,1001327,大武村,2,,小山巷,,,３０號,,224690.66,2517535.52
10013,1001327,大武村,2,,小山巷,,,３１號,,224702.37,2517532.25
10013,1001327,大武村,2,,小山巷,,,３２號,,224716.36,2517532.12
10013,1001327,大武村,2,,小山巷,,,３３號,,224737.31,2517536.99
10013,1001327,大武村,2,,小山巷,,,３７號,,224711.01,2517515.62
10013,1001327,大武村,2,,小山巷,,,３８號,,224771.11,2517491.1
10013,1001327,大武村,2,,小山巷,,,３９號,,224793.27,2517516.37
10013,1001327,大武村,2,,小山巷,,,３９之１６號,,225058.96,2517633.46
10013,1001327,大武村,2,,小山巷,,,３９之１０號,,225083.26,2517576.55
10013,1001327,大武村,2,,小山巷,,,３９之８號,,225075.68,2517537.25
10013,1001327,大武村,2,,小山巷,,,３９之９號,,225084.13,2517598.51
10013,1001327,大武村,2,,小山巷,,,３９號之７,,225031.66,2517546.25
10013,1001327,大武村,2,,小山巷,,,４０號,,224821.78,2517510.5
10013,1001327,大武村,2,,小山巷,,,４３號,,224881.01,2517486.01
10013,1001327,大武村,3,,東川巷,,,１號,,225289.51,2517154.22
10013,1001327,大武村,3,,東川巷,,,１之７號,,225277.64,2517186.88
10013,1001327,大武村,3,,東川巷,,,１之１５號,,225142.22,2517265.49
10013,1001327,大武村,3,,東川巷,,,１之１０號,,225208.14,2517254.48
10013,1001327,大武村,3,,東川巷,,,１之１號,,225278.01,2517149.5
10013,1001327,大武村,3,,東川巷,,,１之２號,,225270.13,2517161.26
10013,1001327,大武村,3,,東川巷,,,１之３號,,225276.06,2517164.54
10013,1001327,大武村,3,,東川巷,,,２號,,225283.33,2517167.35
10013,1001327,大武村,3,,東川巷,,,３號,,225298.29,2517157.24
10013,1001327,大武村,3,,東川巷,,,４號,,225306.56,2517160.84
10013,1001327,大武村,3,,東川巷,,,４之１號,,225309.22,2517172.23
10013,1001327,大武村,3,,東川巷,,,４之２號,,225292.91,2517171.44
10013,1001327,大武村,3,,東川巷,,,５號,,225313.89,2517180.2
10013,1001327,大武村,3,,東川巷,,,５之１號,,225328.53,2517173.38
10013,1001327,大武村,3,,東川巷,,,６號,,225324.73,2517155.01
10013,1001327,大武村,3,,東川巷,,,７號,,225313.49,2517151.3
10013,1001327,大武村,3,,東川巷,,,７之１號,,225320.56,2517164.33
10013,1001327,大武村,3,,東川巷,,,８號,,225305.65,2517145.84
10013,1001327,大武村,3,,東川巷,,,９號,,225293.97,2517141.04
10013,1001327,大武村,3,,東川巷,,,１０號,,225283.93,2517135.46
10013,1001327,大武村,3,,東川巷,,,１１號,,225277.11,2517116.99
10013,1001327,大武村,3,,東川巷,,,１３號,,225258.45,2517124.14
10013,1001327,大武村,3,,東川巷,,,１４號,,225267.85,2517113.28
10013,1001327,大武村,3,,東川巷,,,１４之１號,,225257.93,2517108.04
10013,1001327,大武村,3,,東川巷,,,１５號,,225288.76,2517125.38
10013,1001327,大武村,3,,東川巷,,,１８號,,225298.68,2517128.54
10013,1001327,大武村,3,,東川巷,,,１８之１號,,225307.73,2517132.14
10013,1001327,大武村,3,,東川巷,,,２０號,,225319.47,2517140.09
10013,1001327,大武村,4,,東川巷,,,２１號,,225321.22,2517127.16
10013,1001327,大武村,3,,東川巷,,,２２號,,225335.11,2517166.85
10013,1001327,大武村,3,,東川巷,,,２２之１號,,225349.36,2517169.9
10013,1001327,大武村,3,,東川巷,,,２２之２號,,225350.04,2517153.57
10013,1001327,大武村,3,,東川巷,,,２３號,,225335.86,2517154.91
10013,1001327,大武村,4,,東川巷,,,２４號,,225354.98,2517142.94
10013,1001327,大武村,4,,東川巷,,,２５號,,225347.05,2517139.55
10013,1001327,大武村,4,,東川巷,,,２６號,,225335.8,2517135.85
10013,1001327,大武村,4,,東川巷,,,２６之１號,,225330.2,2517144.73
10013,1001327,大武村,4,,東川巷,,,２７號,,225329.4,2517131.47
10013,1001327,大武村,4,,東川巷,,,２９號,,225312.61,2517122.24
10013,1001327,大武村,4,,東川巷,,,３０號,,225301.8,2517119.55
10013,1001327,大武村,4,,東川巷,,,３０之１號,,225302.01,2517113.96
10013,1001327,大武村,4,,東川巷,,,３１號,,225291.89,2517116.58
10013,1001327,大武村,4,,東川巷,,,３１之１號,,225285.37,2517110.7
10013,1001327,大武村,4,,東川巷,,,３２號,,225275.81,2517104.04
10013,1001327,大武村,4,,東川巷,,,３２之１號,,225267.04,2517099.75
10013,1001327,大武村,4,,東川巷,,,３３號,,225292.66,2517096.56
10013,1001327,大武村,4,,東川巷,,,３４號,,225304.43,2517101.5
10013,1001327,大武村,4,,東川巷,,,３５號,,225310.93,2517105.76
10013,1001327,大武村,4,,東川巷,,,３６號,,225322.18,2517111.77
10013,1001327,大武村,4,,東川巷,,,３７號,,225330.12,2517116.14
10013,1001327,大武村,4,,東川巷,,,３７之２號,,225343.36,2517123.29
10013,1001327,大武村,4,,東川巷,,,３７之１號,,225339.38,2517120.12
10013,1001327,大武村,4,,東川巷,,,３８號,,225351.63,2517130.81
10013,1001327,大武村,4,,東川巷,,,３９號,,225359.46,2517134.3
10013,1001327,大武村,4,,東川巷,,,４０號,,225373.9,2517140.96
10013,1001327,大武村,4,,東川巷,,,４２號,,225377.73,2517128.2
10013,1001327,大武村,4,,東川巷,,,４２之１號,,225384.07,2517129.83
10013,1001327,大武村,4,,東川巷,,,４３號,,225368.14,2517125.64
10013,1001327,大武村,4,,東川巷,,,４５號,,225345.97,2517105.78
10013,1001327,大武村,4,,東川巷,,,４５之３號,,225347.98,2517118.79
10013,1001327,大武村,4,,東川巷,,,４５之１號,,225325.02,2517097.49
10013,1001327,大武村,4,,東川巷,,,４６號,,225307.84,2517087.24
10013,1001327,大武村,4,,東川巷,,,４７號,,225314.51,2517071.13
10013,1001327,大武村,4,,東川巷,,,４７之１號,,225320.69,2517076.49
10013,1001327,大武村,4,,東川巷,,,４７之２號,,225328.96,2517081.41
10013,1001327,大武村,4,,東川巷,,,４８之１號,,225364.98,2517109.48
10013,1001327,大武村,4,,東川巷,,,４９之２號,,225355.27,2517096.46
10013,1001327,大武村,4,,東川巷,,,４９號,,225377.33,2517115.15
10013,1001327,大武村,4,,東川巷,,,４９之１號,,225386.84,2517118.48
10013,1001327,大武村,4,,東川巷,,,５０號,,225286.04,2517091.86
10013,1001327,大武村,4,,東川巷,,,５０之１號,,225277.72,2517085.38
10013,1001327,大武村,4,,東川巷,,,５２號,,225267.4,2517080.39
10013,1001327,大武村,4,,東川巷,,,５４號,,225283.86,2517107.64
10013,1001327,大武村,4,,東川巷,,,５５號,,225363.26,2517149.39
10013,1001327,大武村,4,,東川巷,,,５６號,,225358.66,2517123.32
10013,1001327,大武村,4,,東川巷,,,６３號,,226007.12,2516467.52
10013,1001327,好茶村,2,古茶柏安街,,９巷,,１號,,213869.52,2511286.84
10013,1001327,好茶村,2,古茶柏安街,,９巷,,２號,,213853.63,2511268.05
10013,1001327,好茶村,2,古茶柏安街,,９巷,,３號,,213872.81,2511280.09
10013,1001327,好茶村,2,古茶柏安街,,９巷,,５號,,213880.83,2511265.17
10013,1001327,好茶村,2,古茶柏安街,,９巷,,６號,,213855.04,2511263.05
10013,1001327,好茶村,2,古茶柏安街,,９巷,,７號,,213882.7,2511256.67
10013,1001327,好茶村,2,古茶柏安街,,９巷,,８號,,213862.67,2511245.5
10013,1001327,好茶村,2,古茶柏安街,,９巷,,１０號,,213865.24,2511239.75
10013,1001327,好茶村,1,古茶柏安街,,１０巷,,１號,,213828.79,2511284.96
10013,1001327,好茶村,1,古茶柏安街,,１０巷,,２號（好茶長老教會）,,213844.13,2511320.2
10013,1001327,好茶村,1,古茶柏安街,,１０巷,,３號,,213817.53,2511294.18
10013,1001327,好茶村,1,古茶柏安街,,１０巷,,５號,,213811.92,2511300.43
10013,1001327,好茶村,1,古茶柏安街,,１０巷,,７號,,213800.99,2511312.08
10013,1001327,好茶村,1,古茶柏安街,,１０巷,,９號,,213795.36,2511317.33
10013,1001327,好茶村,2,古茶柏安街,,１１巷,,１號,,213842.92,2511251.14
10013,1001327,好茶村,2,古茶柏安街,,１１巷,,２號,,213824.18,2511237.34
10013,1001327,好茶村,2,古茶柏安街,,１１巷,,３號,,213847.61,2511242.39
10013,1001327,好茶村,2,古茶柏安街,,１１巷,,５號,,213853.69,2511229.35
10013,1001327,好茶村,2,古茶柏安街,,１１巷,,６號,,213827.47,2511231.09
10013,1001327,好茶村,2,古茶柏安街,,１１巷,,７號,,213858.25,2511221.6
10013,1001327,好茶村,2,古茶柏安街,,１１巷,,８號,,213834.37,2511217.91
10013,1001327,好茶村,2,古茶柏安街,,１１巷,,１０號,,213838.11,2511208.66
10013,1001327,好茶村,2,古茶柏安街,,１１巷,,１２號,,213845.47,2511193.55
10013,1001327,好茶村,1,古茶柏安街,,１２巷,,１號,,213802.75,2511257.37
10013,1001327,好茶村,1,古茶柏安街,,１２巷,,２號,,213815.16,2511276.52
10013,1001327,好茶村,1,古茶柏安街,,１２巷,,３號,,213790.1,2511269.61
10013,1001327,好茶村,1,古茶柏安街,,１２巷,,５號,,213786.52,2511273.28
10013,1001327,好茶村,1,古茶柏安街,,１２巷,,６號,,213809.77,2511280.77
10013,1001327,好茶村,1,古茶柏安街,,１２巷,,７號,,213772,2511286.15
10013,1001327,好茶村,1,古茶柏安街,,１２巷,,８號,,213795.51,2511292.1
10013,1001327,好茶村,1,古茶柏安街,,１２巷,,９號,,213767.34,2511289.36
10013,1001327,好茶村,1,古茶柏安街,,１２巷,,１０號,,213789.42,2511298.1
10013,1001327,好茶村,1,古茶柏安街,,１２巷,,１１號（好茶部落技藝教室）,,213749.67,2511303.49
10013,1001327,好茶村,1,古茶柏安街,,１２巷,,１２號（好茶休閒廣場活動中心）,,213764.2,2511319.49
10013,1001327,好茶村,2,古茶柏安街,,１３巷,,１號,,213814.97,2511220.69
10013,1001327,好茶村,2,古茶柏安街,,１３巷,,２號,,213798.34,2511200.7
10013,1001327,好茶村,2,古茶柏安街,,１３巷,,３號,,213818.26,2511212.69
10013,1001327,好茶村,2,古茶柏安街,,１３巷,,５號,,213825.29,2511198.21
10013,1001327,好茶村,2,古茶柏安街,,１３巷,,６號,,213802.56,2511193.2
10013,1001327,好茶村,2,古茶柏安街,,１３巷,,７號,,213829.98,2511189.46
10013,1001327,好茶村,2,古茶柏安街,,１３巷,,８號,,213810.71,2511179.72
10013,1001327,好茶村,2,古茶柏安街,,１３巷,,１０號,,213813.99,2511169.72
10013,1001327,好茶村,2,古茶柏安街,,１５巷,,１號,,213784.72,2511196.15
10013,1001327,好茶村,4,古茶柏安街,,１５巷,,２號,,213768.57,2511175.31
10013,1001327,好茶村,2,古茶柏安街,,１５巷,,３號,,213790.93,2511184.02
10013,1001327,好茶村,2,古茶柏安街,,１５巷,,５號,,213793.5,2511175.27
10013,1001327,好茶村,4,古茶柏安街,,１５巷,,６號,,213772.79,2511169.56
10013,1001327,好茶村,2,古茶柏安街,,１５巷,,７號,,213800.21,2511162.31
10013,1001327,好茶村,4,古茶柏安街,,１５巷,,８號,,213778.74,2511155.57
10013,1001327,好茶村,2,古茶柏安街,,１５巷,,９號（好茶循理教會）,,213811.63,2511147.45
10013,1001327,好茶村,4,古茶柏安街,,１５巷,,１０號,,213783.41,2511146.57
10013,1001327,好茶村,4,古茶柏安街,,１５巷,,１２號,,213788.77,2511134.23
10013,1001327,好茶村,4,古茶柏安街,,１５巷,,１６號,,213794.4,2511126.23
10013,1001327,好茶村,4,古茶柏安街,,１５巷,,１８號,,213800.38,2511110.71
10013,1001327,好茶村,3,古茶柏安街,,１６巷,,１號,,213752.06,2511197.8
10013,1001327,好茶村,1,古茶柏安街,,１６巷,,２號,,213764.31,2511217.58
10013,1001327,好茶村,3,古茶柏安街,,１６巷,,３號,,213739.8,2511209.47
10013,1001327,好茶村,3,古茶柏安街,,１６巷,,５號,,213733.95,2511215.73
10013,1001327,好茶村,1,古茶柏安街,,１６巷,,６號,,213757.44,2511223.23
10013,1001327,好茶村,3,古茶柏安街,,１６巷,,７號,,213722.53,2511223.68
10013,1001327,好茶村,1,古茶柏安街,,１６巷,,８號,,213745.01,2511233.73
10013,1001327,好茶村,3,古茶柏安街,,１６巷,,９號,,213717.45,2511228.49
10013,1001327,好茶村,1,古茶柏安街,,１６巷,,１０號,,213739.82,2511239.18
10013,1001327,好茶村,1,古茶柏安街,,１６巷,,１２號,,213728.27,2511250.17
10013,1001327,好茶村,4,古茶柏安街,,１７巷,,１號,,213759.46,2511159.4
10013,1001327,好茶村,4,古茶柏安街,,１７巷,,２號,,213740.77,2511145.44
10013,1001327,好茶村,4,古茶柏安街,,１７巷,,３號,,213764.62,2511150.9
10013,1001327,好茶村,4,古茶柏安街,,１７巷,,５號,,213771.83,2511138.01
10013,1001327,好茶村,4,古茶柏安街,,１７巷,,６號,,213744.05,2511138.94
10013,1001327,好茶村,4,古茶柏安街,,１７巷,,７號,,213774.18,2511129.76
10013,1001327,好茶村,4,古茶柏安街,,１７巷,,８號,,213751.78,2511123.79
10013,1001327,好茶村,4,古茶柏安街,,１７巷,,９號,,213781.06,2511113.04
10013,1001327,好茶村,4,古茶柏安街,,１７巷,,１０號,,213755.53,2511115.29
10013,1001327,好茶村,4,古茶柏安街,,１７巷,,１１號,,213784.76,2511108.14
10013,1001327,好茶村,4,古茶柏安街,,１７巷,,１２號,,213760.75,2511102.93
10013,1001327,好茶村,4,古茶柏安街,,１７巷,,１３號,,213791.21,2511092.54
10013,1001327,好茶村,4,古茶柏安街,,１７巷,,１６號,,213764.96,2511096.18
10013,1001327,好茶村,4,古茶柏安街,,１７巷,,１８號,,213772.56,2511079.62
10013,1001327,好茶村,4,古茶柏安街,,１７巷,,２０號,,213776.3,2511073.37
10013,1001327,好茶村,3,古茶柏安街,,１８巷,,１號,,213725.74,2511168.88
10013,1001327,好茶村,3,古茶柏安街,,１８巷,,２號,,213739.09,2511189.97
10013,1001327,好茶村,3,古茶柏安街,,１８巷,,３號,,213714.75,2511180.17
10013,1001327,好茶村,3,古茶柏安街,,１８巷,,５號,,213706.31,2511187.17
10013,1001327,好茶村,3,古茶柏安街,,１８巷,,６號,,213731.59,2511195.97
10013,1001327,好茶村,3,古茶柏安街,,１８巷,,７號,,213694.86,2511197.91
10013,1001327,好茶村,3,古茶柏安街,,１８巷,,８號,,213720.88,2511204.2
10013,1001327,好茶村,3,古茶柏安街,,１８巷,,９號,,213691.35,2511202.74
10013,1001327,好茶村,3,古茶柏安街,,１８巷,,１０號,,213711.98,2511211.95
10013,1001327,好茶村,4,古茶柏安街,,１９巷,,１號,,213734.63,2511124.99
10013,1001327,好茶村,6,古茶柏安街,,１９巷,,２號,,213713.84,2511112.42
10013,1001327,好茶村,4,古茶柏安街,,１９巷,,３號,,213736.54,2511118.49
10013,1001327,好茶村,4,古茶柏安街,,１９巷,,５號,,213743.97,2511104.82
10013,1001327,好茶村,6,古茶柏安街,,１９巷,,６號,,213715.69,2511106.4
10013,1001327,好茶村,4,古茶柏安街,,１９巷,,７號,,213746.37,2511097.14
10013,1001327,好茶村,6,古茶柏安街,,１９巷,,８號,,213723.22,2511093.04
10013,1001327,好茶村,4,古茶柏安街,,１９巷,,９號,,213754.94,2511082.5
10013,1001327,好茶村,6,古茶柏安街,,１９巷,,１０號,,213726.84,2511087.68
10013,1001327,好茶村,4,古茶柏安街,,１９巷,,１１號,,213757.75,2511075.51
10013,1001327,好茶村,6,古茶柏安街,,１９巷,,１２號,,213734.16,2511070.96
10013,1001327,好茶村,4,古茶柏安街,,１９巷,,１３號,,213765.18,2511062.06
10013,1001327,好茶村,4,古茶柏安街,,１９巷,,１５號,,213767.98,2511056.27
10013,1001327,好茶村,6,古茶柏安街,,１９巷,,１６號,,213737.29,2511064.91
10013,1001327,好茶村,4,古茶柏安街,,１９巷,,１７號,,213775.22,2511039.72
10013,1001327,好茶村,6,古茶柏安街,,１９巷,,１８號,,213742.97,2511052.52
10013,1001327,好茶村,3,古茶柏安街,,２０巷,,１號,,213700.29,2511139.8
10013,1001327,好茶村,3,古茶柏安街,,２０巷,,２號,,213713.57,2511159.52
10013,1001327,好茶村,3,古茶柏安街,,２０巷,,３號,,213688.68,2511150.45
10013,1001327,好茶村,3,古茶柏安街,,２０巷,,５號,,213681.65,2511157.95
10013,1001327,好茶村,3,古茶柏安街,,２０巷,,６號,,213706.07,2511167.02
10013,1001327,好茶村,3,古茶柏安街,,２０巷,,７號,,213671.15,2511166.51
10013,1001327,好茶村,3,古茶柏安街,,２０巷,,８號,,213695.13,2511175.29
10013,1001327,好茶村,3,古茶柏安街,,２０巷,,９號,,213662.24,2511174.51
10013,1001327,好茶村,3,古茶柏安街,,２０巷,,１０號,,213687.16,2511182.29
10013,1001327,好茶村,6,古茶柏安街,,２１巷,,１號,,213705.54,2511094.14
10013,1001327,好茶村,6,古茶柏安街,,２１巷,,２號,,213684.17,2511085.59
10013,1001327,好茶村,6,古茶柏安街,,２１巷,,３號,,213709.02,2511087.65
10013,1001327,好茶村,6,古茶柏安街,,２１巷,,５號,,213716.12,2511073.31
10013,1001327,好茶村,6,古茶柏安街,,２１巷,,６號,,213691.75,2511073.73
10013,1001327,好茶村,6,古茶柏安街,,２１巷,,７號,,213719.17,2511066.87
10013,1001327,好茶村,6,古茶柏安街,,２１巷,,８號,,213695.97,2511065.23
10013,1001327,好茶村,6,古茶柏安街,,２１巷,,９號,,213726.93,2511051.82
10013,1001327,好茶村,6,古茶柏安街,,２１巷,,１０號,,213701.77,2511051.35
10013,1001327,好茶村,6,古茶柏安街,,２１巷,,１１號,,213730.15,2511044.81
10013,1001327,好茶村,6,古茶柏安街,,２１巷,,１２號,,213705.52,2511043.35
10013,1001327,好茶村,6,古茶柏安街,,２１巷,,１３號（好茶復臨安息日教會）,,213750.67,2511019.46
10013,1001327,好茶村,6,古茶柏安街,,２１巷,,１６號,,213713.24,2511027.71
10013,1001327,好茶村,6,古茶柏安街,,２１巷,,１８號,,213716.49,2511020.52
10013,1001327,好茶村,5,古茶柏安街,,２２巷,,１號,,213676.05,2511111.65
10013,1001327,好茶村,3,古茶柏安街,,２２巷,,２號,,213688.45,2511131.83
10013,1001327,好茶村,5,古茶柏安街,,２２巷,,３號,,213664.13,2511122.12
10013,1001327,好茶村,5,古茶柏安街,,２２巷,,５號,,213655.69,2511129.12
10013,1001327,好茶村,3,古茶柏安街,,２２巷,,６號,,213679.56,2511138.83
10013,1001327,好茶村,5,古茶柏安街,,２２巷,,７號,,213645.79,2511138.27
10013,1001327,好茶村,3,古茶柏安街,,２２巷,,８號,,213667.78,2511149.68
10013,1001327,好茶村,5,古茶柏安街,,２２巷,,９號,,213638.29,2511145.27
10013,1001327,好茶村,3,古茶柏安街,,２２巷,,１０號,,213663.38,2511153.35
10013,1001327,好茶村,5,古茶柏安街,,２２巷,,１１號,,213628.68,2511153.77
10013,1001327,好茶村,3,古茶柏安街,,２２巷,,１２號,,213650.71,2511162.71
10013,1001327,好茶村,5,古茶柏安街,,２２巷,,１３號（好茶兒童育樂教室）,,213609.85,2511168.49
10013,1001327,好茶村,3,古茶柏安街,,２２巷,,１６號（好茶文化綜合活動中心）,,213624.35,2511178.71
10013,1001327,好茶村,6,古茶柏安街,,２３巷,,１號,,213676.96,2511066.39
10013,1001327,好茶村,6,古茶柏安街,,２３巷,,２號,,213659.83,2511051.91
10013,1001327,好茶村,6,古茶柏安街,,２３巷,,３號,,213683.55,2511052.97
10013,1001327,好茶村,6,古茶柏安街,,２３巷,,５號,,213687.41,2511046.16
10013,1001327,好茶村,6,古茶柏安街,,２３巷,,６號,,213662.75,2511043.75
10013,1001327,好茶村,6,古茶柏安街,,２３巷,,７號,,213694.23,2511031.55
10013,1001327,好茶村,6,古茶柏安街,,２３巷,,８號,,213669.6,2511029.65
10013,1001327,好茶村,6,古茶柏安街,,２３巷,,９號,,213698.13,2511023.65
10013,1001327,好茶村,6,古茶柏安街,,２３巷,,１０號,,213672.8,2511021.99
10013,1001327,好茶村,5,古茶柏安街,,,,２８號,,213637.48,2511072.71
10013,1001327,好茶村,5,古茶柏安街,,,,２９號,,213622.98,2511052.86
10013,1001327,好茶村,5,古茶柏安街,,,,３０號,,213632.41,2511078.07
10013,1001327,好茶村,5,古茶柏安街,,,,３１號,,213612.71,2511062.19
10013,1001327,好茶村,5,古茶柏安街,,,,３２號,,213619.14,2511090.36
10013,1001327,好茶村,5,古茶柏安街,,,,３３號,,213604.74,2511069.69
10013,1001327,好茶村,5,古茶柏安街,,,,３５號,,213594.29,2511080.14
10013,1001327,好茶村,5,古茶柏安街,,,,３６號,,213614.09,2511094.02
10013,1001327,好茶村,5,古茶柏安街,,,,３７號,,213585.87,2511086.39
10013,1001327,好茶村,5,古茶柏安街,,,,３８號,,213600.97,2511105.11
10013,1001327,好茶村,5,古茶柏安街,,,,３９號,,213576.61,2511095.03
10013,1001327,好茶村,5,古茶柏安街,,,,４０號,,213596.8,2511110.2
10013,1001327,好茶村,5,古茶柏安街,,,,４１號,,213567.25,2511102.03
10013,1001327,好茶村,5,古茶柏安街,,,,４２號（好茶天主教堂）,,213583.65,2511122.07
10013,1001327,好茶村,1,和平路一段,,３５巷,,１號,,213753.82,2511279.88
10013,1001327,好茶村,1,和平路一段,,３５巷,,２號,,213728.35,2511270.09
10013,1001327,好茶村,1,和平路一段,,３５巷,,３號,,213766.29,2511269.47
10013,1001327,好茶村,1,和平路一段,,３５巷,,５號,,213771.5,2511266.02
10013,1001327,好茶村,1,和平路一段,,３５巷,,６號,,213740.04,2511258.38
10013,1001327,好茶村,1,和平路一段,,３５巷,,７號,,213785.47,2511254.05
10013,1001327,好茶村,1,和平路一段,,３５巷,,８號,,213746.83,2511252.68
10013,1001327,好茶村,1,和平路一段,,３５巷,,９號,,213791.79,2511249.76
10013,1001327,好茶村,1,和平路一段,,３５巷,,１０號,,213758.3,2511243.89
10013,1001327,好茶村,1,和平路一段,,３５巷,,１２號,,213763.69,2511239.31
10013,1001327,好茶村,1,和平路一段,,３５巷,,１６號,,213776.14,2511226.6
10013,1001327,好茶村,5,和平路一段,,５９巷,,１號,,213618.39,2511141.5
10013,1001327,好茶村,5,和平路一段,,５９巷,,２號,,213613.87,2511115.2
10013,1001327,好茶村,5,和平路一段,,５９巷,,３號,,213625.42,2511133.5
10013,1001327,好茶村,5,和平路一段,,５９巷,,５號,,213635.99,2511125
10013,1001327,好茶村,5,和平路一段,,５９巷,,６號,,213619.4,2511110.35
10013,1001327,好茶村,5,和平路一段,,５９巷,,７號,,213644.18,2511118.75
10013,1001327,好茶村,5,和平路一段,,５９巷,,８號,,213632.49,2511099.23
10013,1001327,好茶村,5,和平路一段,,５９巷,,９號,,213655.32,2511108.63
10013,1001327,好茶村,5,和平路一段,,５９巷,,１０號,,213638.87,2511092.92
10013,1001327,好茶村,5,和平路一段,,５９巷,,１１號,,213662.81,2511101.13
10013,1001327,好茶村,5,和平路一段,,５９巷,,１２號,,213650.82,2511084.1
10013,1001327,好茶村,2,,展望巷,,,２６號,,220098.38,2510224.96
10013,1001327,阿禮村,5,,中秋巷,,,１號,,225206.91,2514175.39
10013,1001327,阿禮村,5,,中秋巷,,,１之５號,,225256.64,2514197.08
10013,1001327,阿禮村,5,,中秋巷,,,１之６號,,225254.13,2514187.95
10013,1001327,阿禮村,5,,中秋巷,,,１之９號,,225247.79,2514330.5
10013,1001327,阿禮村,5,,中秋巷,,,２號之３,,225198.35,2514162.38
10013,1001327,阿禮村,5,,中秋巷,,,２之７號,,225181.52,2514122.76
10013,1001327,阿禮村,5,,中秋巷,,,２之５號,,225156.98,2514161.88
10013,1001327,阿禮村,5,,中秋巷,,,３之３號,,225133.45,2514070.01
10013,1001327,阿禮村,5,,中秋巷,,,３號,,225121.59,2514095.33
10013,1001327,阿禮村,5,,中秋巷,,,３之１號,,225127.28,2514082.1
10013,1001327,阿禮村,5,,中秋巷,,,３之２號,,225132.57,2514090.31
10013,1001327,阿禮村,5,,中秋巷,,,４號,,225121.85,2514064.77
10013,1001327,阿禮村,5,,中秋巷,,,５號,,225113.05,2514055.09
10013,1001327,阿禮村,5,,中秋巷,,,６號,,225111,2514044
10013,1001327,阿禮村,5,,中秋巷,,,７號,,225107.29,2514037.42
10013,1001327,阿禮村,5,,中秋巷,,,１０號,,225120.55,2514018.84
10013,1001327,阿禮村,5,,中秋巷,,,１１號,,225108.35,2514011.14
10013,1001327,阿禮村,5,,中秋巷,,,１２號,,225126.51,2514040.8
10013,1001327,阿禮村,5,,中秋巷,,,１３號,,225131.5,2514050.29
10013,1001327,阿禮村,5,,中秋巷,,,１４號之１,,225142.42,2514045.47
10013,1001327,阿禮村,5,,中秋巷,,,１４號,,225140.45,2514057.79
10013,1001327,阿禮村,5,,中秋巷,,,１５號,,225146.45,2514067.39
10013,1001327,阿禮村,5,,中秋巷,,,１５之１號,,225151.54,2514063.35
10013,1001327,阿禮村,5,,中秋巷,,,１６號,,225143.34,2514085.31
10013,1001327,阿禮村,5,,中秋巷,,,１７號之１,,225151.17,2514093.91
10013,1001327,阿禮村,5,,中秋巷,,,１８號,,225153.95,2514078.19
10013,1001327,阿禮村,5,,中秋巷,,,１８號之１,,225162.15,2514087.56
10013,1001327,阿禮村,5,,中秋巷,,,２０號,,225152.53,2514047.06
10013,1001327,阿禮村,5,,中秋巷,,,２１號,,225153.46,2514036.87
10013,1001327,阿禮村,5,,中秋巷,,,２２號,,225146.12,2514030.79
10013,1001327,阿禮村,5,,中秋巷,,,２３號,,225140.9,2514024.84
10013,1001327,阿禮村,5,,中秋巷,,,２７號,,225166.6,2514030.22
10013,1001327,阿禮村,5,,中秋巷,,,２８號,,225175.2,2514043.05
10013,1001327,阿禮村,5,,中秋巷,,,２８之１號,,225171.63,2514038.95
10013,1001327,阿禮村,5,,中秋巷,,,３０號,,225169.49,2514004.62
10013,1001327,阿禮村,5,,中秋巷,,,３０之１號,,225159.5,2513995.49
10013,1001327,阿禮村,5,,中秋巷,,,３０之２號,,225173.33,2514013.22
10013,1001327,阿禮村,5,,元德巷,,,１號,,225291.39,2513677.9
10013,1001327,阿禮村,5,,元德巷,,,２號,,225288.25,2513709.47
10013,1001327,阿禮村,5,,元德巷,,,２之１號,,225288.34,2513698.29
10013,1001327,阿禮村,5,,元德巷,,,３號,,225284.58,2513689.31
10013,1001327,阿禮村,5,,元德巷,,,８號,,225219.98,2513679.77
10013,1001327,阿禮村,5,,元德巷,,,９號,,225262.3,2513680.03
10013,1001327,阿禮村,5,,元德巷,,,１１號,,225271.02,2513690.32
10013,1001327,阿禮村,5,,元德巷,,,１２號,,225275.67,2513699.63
10013,1001327,阿禮村,5,,元德巷,,,１２之１號,,225281.62,2513701.48
10013,1001327,阿禮村,5,,元德巷,,,１３號,,225268.02,2513708.02
10013,1001327,阿禮村,5,,元德巷,,,１４號,,225274.65,2513716.01
10013,1001327,阿禮村,5,,元德巷,,,１４之１號,,225272.51,2513722.86
10013,1001327,阿禮村,5,,元德巷,,,１８號,,225266.89,2513726.71
10013,1001327,阿禮村,5,,元德巷,,,１９號,,225255.56,2513717.47
10013,1001327,阿禮村,5,,元德巷,,,１９之１號,,225254.3,2513729.17
10013,1001327,阿禮村,5,,元德巷,,,２１號,,225258.07,2513708.93
10013,1001327,阿禮村,5,,元德巷,,,２２號,,225263,2513699.93
10013,1001327,阿禮村,5,,元德巷,,,２２之１號,,225263.4,2513693.58
10013,1001327,阿禮村,5,,元德巷,,,２７號,,225254.34,2513692.44
10013,1001327,阿禮村,5,,元德巷,,,２８號,,225243.28,2513695.35
10013,1001327,阿禮村,5,,元德巷,,,２８之２號,,225246.53,2513682.52
10013,1001327,阿禮村,5,,元德巷,,,２９號,,225243.26,2513715.15
10013,1001327,阿禮村,5,,元德巷,,,３０號,,225239.55,2513724.28
10013,1001327,阿禮村,5,,元德巷,,,３１號,,225227.91,2513722.16
10013,1001327,阿禮村,5,,元德巷,,,３２號,,225231.05,2513709.01
10013,1001327,阿禮村,5,,元德巷,,,３４號,,225234.68,2513693.5
10013,1001327,阿禮村,5,,元德巷,,,４１號,,225218.78,2513706.02
10013,1001327,阿禮村,5,,元德巷,,,４２號,,225219.21,2513694.69
10013,1001327,阿禮村,5,,元德巷,,,４７號,,225204.63,2513719.25
10013,1001327,阿禮村,5,,元德巷,,,４８號,,225208.44,2513734.14
10013,1001327,阿禮村,5,,元德巷,,,４８之１號,,225186.17,2513738.92
10013,1001327,阿禮村,5,,元德巷,,,５０號,,225204.5,2513713.29
10013,1001327,阿禮村,5,,元德巷,,,５１號,,225200.16,2513682.52
10013,1001327,阿禮村,5,,元德巷,,,５５號,,225196.43,2513649.32
10013,1001327,阿禮村,5,,勝利巷,,,１號,,225188.35,2513685.65
10013,1001327,阿禮村,5,,勝利巷,,,２號,,225188.02,2513695.11
10013,1001327,阿禮村,5,,勝利巷,,,４號,,225185.64,2513714.68
10013,1001327,阿禮村,5,,勝利巷,,,７號,,225175.25,2513689.9
10013,1001327,阿禮村,5,,勝利巷,,,１０號,,225174.62,2513679.21
10013,1001327,阿禮村,5,,勝利巷,,,１０之１號,,225176.48,2513674.58
10013,1001327,阿禮村,5,,勝利巷,,,１０之２號,,225175.59,2513668.95
10013,1001327,阿禮村,5,,勝利巷,,,１２號之１,,225160.56,2513687.32
10013,1001327,阿禮村,5,,勝利巷,,,１２號,,225161.2,2513671.65
10013,1001327,阿禮村,5,,勝利巷,,,１２之２號,,225159.67,2513678.89
10013,1001327,阿禮村,5,,勝利巷,,,１５號,,225147.44,2513703.23
10013,1001327,阿禮村,1,百合路,,２３２巷,,１號,,206731.45,2510147.08
10013,1001327,阿禮村,1,百合路,,２３２巷,,３號,,206725.36,2510153.17
10013,1001327,阿禮村,1,百合路,,２３２巷,,５號,,206721.61,2510157.38
10013,1001327,阿禮村,1,百合路,,２３２巷,,７號,,206715.06,2510163.94
10013,1001327,阿禮村,1,百合路,,,,２３６號,,206742.69,2510143.8
10013,1001327,阿禮村,1,百合路,,,,２３８號,,206738.01,2510135.37
10013,1001327,阿禮村,1,百合路,,,,２４０號,,206731.92,2510130.22
10013,1001327,阿禮村,1,百合路,,,,２４２號,,206725.83,2510126
10013,1001327,阿禮村,1,百合路,,,,２４６號（阿禮天主教堂）,,206717.23,2510112.17
10013,1001327,阿禮村,2,百合路,,,,２５２號,,206688.77,2510093.23
10013,1001327,阿禮村,2,百合路,,,,２５６號,,206682.45,2510087.84
10013,1001327,阿禮村,2,百合路,,,,２５８號,,206676.83,2510082.46
10013,1001327,阿禮村,2,百合路,,,,２６０號,,206671.44,2510077.77
10013,1001327,阿禮村,2,百合路,,２６２巷,,１號,,206648.72,2510072.39
10013,1001327,阿禮村,2,百合路,,２６２巷,,２號,,206666.93,2510089.78
10013,1001327,阿禮村,2,百合路,,２６２巷,,３號,,206643.1,2510079.18
10013,1001327,阿禮村,2,百合路,,２６２巷,,５號,,206638.18,2510084.56
10013,1001327,阿禮村,2,百合路,,２６２巷,,６號,,206661.54,2510096.1
10013,1001327,阿禮村,2,百合路,,２６２巷,,７號,,206632.33,2510089.25
10013,1001327,阿禮村,2,百合路,,２６２巷,,８號,,206656.39,2510100.78
10013,1001327,阿禮村,2,百合路,,２６２巷,,１０號,,206653.82,2510106.64
10013,1001327,阿禮村,2,百合路,,,,２６６號,,206659.73,2510067
10013,1001327,阿禮村,2,百合路,,,,２６８號,,206654.81,2510062.55
10013,1001327,阿禮村,3,百合路,,,,２７０號,,206649.95,2510058.39
10013,1001327,阿禮村,3,百合路,,,,２７２號,,206644.33,2510053.94
10013,1001327,阿禮村,3,百合路,,２７６巷,,１號,,206620.91,2510046.45
10013,1001327,阿禮村,3,百合路,,２７６巷,,２號,,206641.65,2510063.77
10013,1001327,阿禮村,3,百合路,,２７６巷,,３號,,206616.46,2510052.77
10013,1001327,阿禮村,3,百合路,,２７６巷,,５號,,206609.91,2510058.63
10013,1001327,阿禮村,3,百合路,,２７６巷,,６號,,206636.43,2510069.79
10013,1001327,阿禮村,3,百合路,,２７６巷,,７號,,206604.28,2510064.95
10013,1001327,阿禮村,3,百合路,,２７６巷,,８號,,206629.75,2510076.74
10013,1001327,阿禮村,3,百合路,,２７６巷,,１０號,,206625.32,2510081.71
10013,1001327,阿禮村,3,百合路,,,,２７８號,,206633.09,2510043.41
10013,1001327,阿禮村,3,百合路,,,,２８０號,,206627,2510038.96
10013,1001327,阿禮村,3,百合路,,,,２８２號,,206622.32,2510034.27
10013,1001327,阿禮村,3,百合路,,,,２８６號,,206617.17,2510029.82
10013,1001327,阿禮村,3,百合路,,２８８巷,,２號,,206614.98,2510039.61
10013,1001327,阿禮村,3,百合路,,２８８巷,,６號,,206610.68,2510045.62
10013,1001327,阿禮村,3,百合路,,２８８巷,,８號,,206604.13,2510052.56
10013,1001327,阿禮村,3,百合路,,２８８巷,,１０號,,206599.69,2510057.91
10013,1001327,阿禮村,4,百合路,,２８８巷,,１１號,,206576.42,2510044.58
10013,1001327,阿禮村,4,百合路,,２８８巷,,１３號,,206571.73,2510048.79
10013,1001327,阿禮村,4,百合路,,,,２９０號（阿禮循理教會）,,206601.23,2510019.85
10013,1001327,阿禮村,4,百合路,,,,２９６號,,206589.53,2510003.12
10013,1001327,阿禮村,4,百合路,,,,２９８號,,206585.55,2509998.67
10013,1001327,阿禮村,4,百合路,,３００巷,,２號,,206573.64,2509985.9
10013,1001327,阿禮村,4,百合路,,３００巷,,６號,,206570.66,2509991.65
10013,1001327,阿禮村,4,百合路,,３００巷,,７號,,206540.32,2509990.26
10013,1001327,阿禮村,4,百合路,,３００巷,,８號,,206557.35,2510005.87
10013,1001327,阿禮村,4,百合路,,３００巷,,９號,,206534.93,2509995.37
10013,1001327,阿禮村,4,百合路,,３００巷,,１０號,,206553.38,2510011.26
10013,1001327,阿禮村,4,百合路,,３１０巷,,２號,,206534.08,2509952.79
10013,1001327,阿禮村,4,百合路,,３１０巷,,６號,,206528.97,2509958.47
10013,1001327,阿禮村,4,百合路,,３１０巷,,８號,,206522.73,2509966.7
10013,1001327,阿禮村,4,百合路,,３１０巷,,１０號,,206516.48,2509972.09
10013,1001327,阿禮村,4,百合路,,３１０巷,,１２號,,206508.25,2509979.47
10013,1001327,阿禮村,4,百合路,,３１０巷,,１６號,,206503.42,2509984.87
10013,1001327,阿禮村,1,魯凱街,,,,２３３號,,206714.59,2510173.78
10013,1001327,阿禮村,1,魯凱街,,,,２３５號,,206706.62,2510170.03
10013,1001327,阿禮村,1,魯凱街,,,,２３７號,,206701.47,2510162.54
10013,1001327,阿禮村,1,魯凱街,,,,２３９號,,206694.92,2510158.79
10013,1001327,阿禮村,1,魯凱街,,,,２４１號（阿禮多功能集會所）,,206679.04,2510141.59
10013,1001327,阿禮村,2,魯凱街,,,,２５１號,,206660.96,2510125.26
10013,1001327,阿禮村,2,魯凱街,,,,２５３號,,206653.46,2510121.04
10013,1001327,阿禮村,2,魯凱街,,,,２５５號,,206646.91,2510115.89
10013,1001327,阿禮村,2,魯凱街,,,,２５７號,,206641.76,2510111.2
10013,1001327,阿禮村,2,魯凱街,,,,２５９號,,206630.05,2510100.9
10013,1001327,阿禮村,2,魯凱街,,,,２６１號,,206624.43,2510094.81
10013,1001327,阿禮村,3,魯凱街,,,,２６３號,,206620.21,2510091.18
10013,1001327,阿禮村,3,魯凱街,,,,２６５號,,206614.12,2510087.43
10013,1001327,阿禮村,3,魯凱街,,,,２６７號,,206603.82,2510076.66
10013,1001327,阿禮村,3,魯凱街,,,,２６９號,,206597.26,2510074.08
10013,1001327,阿禮村,4,魯凱街,,,,２７５號,,206561.61,2510037.66
10013,1001327,阿禮村,4,魯凱街,,,,２７７號,,206555.65,2510033.97
10013,1001327,阿禮村,4,魯凱街,,,,２７９號,,206547.99,2510025.74
10013,1001327,阿禮村,4,魯凱街,,,,２８１號,,206542.31,2510022.05
10013,1001327,阿禮村,4,魯凱街,,,,２８５號,,206525.28,2510006.15
10013,1001327,阿禮村,4,魯凱街,,,,２８７號,,206520.45,2510001.05
10013,1001327,霧台村,4,,中山巷,,,１號,,222459.86,2516232.84
10013,1001327,霧台村,4,,中山巷,,,１之１號,,222459.46,2516216.43
10013,1001327,霧台村,4,,中山巷,,,２號,,222459.73,2516238.92
10013,1001327,霧台村,4,,中山巷,,,３號,,222459.55,2516253.29
10013,1001327,霧台村,4,,中山巷,,,３之１號,,222456.15,2516259.96
10013,1001327,霧台村,4,,中山巷,,,４號,,222447.95,2516228.6
10013,1001327,霧台村,4,,中山巷,,,５號,,222447.48,2516235.55
10013,1001327,霧台村,4,,中山巷,,,６號,,222446.23,2516245.93
10013,1001327,霧台村,4,,中山巷,,,７號,,222445.44,2516259.16
10013,1001327,霧台村,4,,中山巷,,,８號,,222436.97,2516221.59
10013,1001327,霧台村,4,,中山巷,,,９號,,222434.99,2516236.28
10013,1001327,霧台村,4,,中山巷,,,１０號,,222431.02,2516257.18
10013,1001327,霧台村,4,,中山巷,,,１０之１號,,222432.95,2516249.5
10013,1001327,霧台村,4,,中山巷,,,１１之１號,,222433.66,2516274.73
10013,1001327,霧台村,4,,中山巷,,,１１號,,222434.19,2516269.75
10013,1001327,霧台村,4,,中山巷,,,１３號,,222419.15,2516253.17
10013,1001327,霧台村,4,,中山巷,,,１４號,,222422.29,2516238.74
10013,1001327,霧台村,4,,中山巷,,,１５之１號,,222424.01,2516226.7
10013,1001327,霧台村,4,,中山巷,,,１５之２號,,222426.39,2516222
10013,1001327,霧台村,4,,中山巷,,,１５之３號,,222446.29,2516193.5
10013,1001327,霧台村,4,,中山巷,,,１６號,,222398.08,2516231.78
10013,1001327,霧台村,4,,中山巷,,,１７號,,222397.42,2516241.17
10013,1001327,霧台村,4,,中山巷,,,１８號,,222395.57,2516250.7
10013,1001327,霧台村,4,,中山巷,,,１９號,,222396.09,2516260.22
10013,1001327,霧台村,4,,中山巷,,,２０號,,222383,2516251.23
10013,1001327,霧台村,4,,中山巷,,,２１號,,222382.73,2516241.9
10013,1001327,霧台村,4,,中山巷,,,２２號,,222385.78,2516232.84
10013,1001327,霧台村,4,,中山巷,,,２２之１號,,222384.45,2516228.07
10013,1001327,霧台村,4,,中山巷,,,２４號,,222357.78,2516247.24
10013,1001327,霧台村,4,,中山巷,,,２５號,,222353.92,2516242.08
10013,1001327,霧台村,5,,中山巷,,,２７號,,222522.04,2516094.21
10013,1001327,霧台村,5,,中山巷,,,２８號,,222515.62,2516114
10013,1001327,霧台村,5,,中山巷,,,２９號,,222503.78,2516114.59
10013,1001327,霧台村,5,,中山巷,,,３０號,,222504.84,2516098.71
10013,1001327,霧台村,5,,中山巷,,,３１號,,222508.01,2516089.23
10013,1001327,霧台村,5,,中山巷,,,３２號,,222510.39,2516070.93
10013,1001327,霧台村,5,,中山巷,,,３２之１號,,222521.38,2516071.85
10013,1001327,霧台村,5,,中山巷,,,３３號,,222501.66,2516073.31
10013,1001327,霧台村,5,,中山巷,,,３４號,,222492.67,2516093.95
10013,1001327,霧台村,5,,中山巷,,,３４之１號,,222500.64,2516081.25
10013,1001327,霧台村,5,,中山巷,,,３５號,,222484.28,2516098.85
10013,1001327,霧台村,5,,中山巷,,,３５之１號,,222490.29,2516106.65
10013,1001327,霧台村,5,,中山巷,,,３６號,,222492.67,2516117.5
10013,1001327,霧台村,5,,中山巷,,,３６之１號,,222491.61,2516128.34
10013,1001327,霧台村,5,,中山巷,,,３７號,,222484.47,2516078.87
10013,1001327,霧台村,5,,中山巷,,,３８號,,222488.93,2516075.24
10013,1001327,霧台村,5,,中山巷,,,３８之１號,,222484.76,2516060.83
10013,1001327,霧台村,5,,中山巷,,,３９號,,222473.46,2516077.5
10013,1001327,霧台村,5,,中山巷,,,３９之２號,,222471.6,2516068.25
10013,1001327,霧台村,5,,中山巷,,,４０號,,222471.68,2516113.74
10013,1001327,霧台村,5,,中山巷,,,４０之３號,,222469.69,2516128.23
10013,1001327,霧台村,5,,中山巷,,,４０之２號,,222461.96,2516095.81
10013,1001327,霧台村,5,,中山巷,,,４０之１號,,222482.37,2516091
10013,1001327,霧台村,5,,中山巷,,,４０之４號,,222463.17,2516122
10013,1001327,霧台村,5,,中山巷,,,４２號,,222478.62,2516125.74
10013,1001327,霧台村,5,,中山巷,,,４４號,,222447.79,2516116.49
10013,1001327,霧台村,5,,中山巷,,,４５號（霧台國小）,,222405.45,2516098.76
10013,1001327,霧台村,5,,中山巷,,,４６之３號（霧台社區活動中心）,,222482.61,2516015.37
10013,1001327,霧台村,6,,中山巷,,,５０號,,222478.15,2515996.99
10013,1001327,霧台村,6,,中山巷,,,５２號,,222461.76,2515990.5
10013,1001327,霧台村,6,,中山巷,,,５５號,,222442.09,2515971.75
10013,1001327,霧台村,6,,中山巷,,,５６號,,222444.72,2515987.84
10013,1001327,霧台村,6,,中山巷,,,５６之１號,,222459.37,2515981.33
10013,1001327,霧台村,6,,中山巷,,,５７號,,222452.66,2515994.64
10013,1001327,霧台村,6,,中山巷,,,５７號之１,,222466.45,2515999.5
10013,1001327,霧台村,6,,中山巷,,,５８號,,222461.38,2516006.55
10013,1001327,霧台村,6,,中山巷,,,６３號,,222419.52,2515996.13
10013,1001327,霧台村,6,,中山巷,,,６４號,,222412.58,2515975.83
10013,1001327,霧台村,6,,中山巷,,,６５號,,222427.84,2515982.56
10013,1001327,霧台村,6,,中山巷,,,６６號,,222418.77,2515956.13
10013,1001327,霧台村,6,,中山巷,,,６６之１號,,222427.05,2515946.41
10013,1001327,霧台村,6,,中山巷,,,６８號,,222393.72,2515918.5
10013,1001327,霧台村,9,,中山巷,,,６９號,,222376.07,2515923.75
10013,1001327,霧台村,9,,中山巷,,,６９之１號,,222362.67,2515920.13
10013,1001327,霧台村,9,,中山巷,,,６９之２號,,222337.5,2515921.74
10013,1001327,霧台村,6,,中山巷,,,７０號,,222354.67,2515901.48
10013,1001327,霧台村,6,,中山巷,,,７０之１號,,222398.53,2515926.74
10013,1001327,霧台村,9,,中山巷,,,７１號,,222396.11,2515953.74
10013,1001327,霧台村,9,,中山巷,,,７２號,,222385.78,2515971.71
10013,1001327,霧台村,9,,中山巷,,,７２之１號,,222391.45,2515987.99
10013,1001327,霧台村,9,,中山巷,,,７２號之１,,222391.45,2515988
10013,1001327,霧台村,9,,中山巷,,,７３號,,222403.64,2515999.49
10013,1001327,霧台村,9,,中山巷,,,７４號,,222416.86,2516017.8
10013,1001327,霧台村,9,,中山巷,,,７５號,,222408.47,2516043.86
10013,1001327,霧台村,6,,中山巷,,,７５之１號,,222441.36,2516038.97
10013,1001327,霧台村,6,,中山巷,,,７５之２號,,222422.23,2516033.27
10013,1001327,霧台村,9,,中山巷,,,７６號（霧台長老教會）,,222390.32,2516012.83
10013,1001327,霧台村,9,,中山巷,,,７６之１號,,222398.25,2516005.02
10013,1001327,霧台村,6,,中山巷,,,７７號,,222434.67,2516031.16
10013,1001327,霧台村,6,,中山巷,,,７７之１號,,222433.1,2516021.61
10013,1001327,霧台村,9,,中山巷,,,７８號,,222365.44,2515942.3
10013,1001327,霧台村,9,,中山巷,,,７８之１號,,222350.49,2515928.14
10013,1001327,霧台村,9,,中山巷,,,７９號,,222391.5,2515947.22
10013,1001327,霧台村,9,,中山巷,,,８０號,,222295.97,2515775.68
10013,1001327,霧台村,9,,中山巷,,,８２號,,222259.81,2515813.94
10013,1001327,霧台村,9,,中山巷,,,８３號,,222286.99,2515803.16
10013,1001327,霧台村,9,,中山巷,,,８３之１號,,222299.21,2515802.74
10013,1001327,霧台村,9,,中山巷,,,８３之２號,,222290.02,2515789.78
10013,1001327,霧台村,9,,中山巷,,,８４之５號,,222215.1,2515887.62
10013,1001327,霧台村,9,,中山巷,,,８４號,,222264.2,2515799.11
10013,1001327,霧台村,9,,中山巷,,,８４之１號,,222253.95,2515803.99
10013,1001327,霧台村,9,,中山巷,,,８４之７號,,222173.98,2516008.33
10013,1001327,霧台村,9,,中山巷,,,８４之９號,,222170.28,2515978.69
10013,1001327,霧台村,7,,岩?巷,,,１號,,222490.98,2515972.99
10013,1001327,霧台村,7,,岩?巷,,,６號,,222573.53,2515961.27
10013,1001327,霧台村,7,,岩?巷,,,６之１號,,222563.21,2515949.1
10013,1001327,霧台村,7,,岩?巷,,,６之２號,,222567.71,2515955.71
10013,1001327,霧台村,7,,岩?巷,,,７號,,222569.03,2515970.26
10013,1001327,霧台村,7,,岩?巷,,,８號,,222551.04,2515953.73
10013,1001327,霧台村,7,,岩?巷,,,８之１號,,222533.05,2515957.17
10013,1001327,霧台村,7,,岩?巷,,,８之２號,,222512.67,2515951.08
10013,1001327,霧台村,7,,岩?巷,,,９號,,222487.54,2515902.4
10013,1001327,霧台村,7,,岩?巷,,,９之１號,,222486.74,2515919.86
10013,1001327,霧台村,7,,岩?巷,,,１０號,,222504.74,2515886.26
10013,1001327,霧台村,7,,岩?巷,,,１１號,,222506.32,2515871.97
10013,1001327,霧台村,7,,岩?巷,,,１１之１號,,222489.65,2515885.99
10013,1001327,霧台村,7,,岩?巷,,,１２號,,222495.48,2515857.95
10013,1001327,霧台村,7,,岩?巷,,,１２之１號,,222509.5,2515866.15
10013,1001327,霧台村,7,,岩?巷,,,１３號,,222487.8,2515870.38
10013,1001327,霧台村,7,,岩?巷,,,１４號,,222482.59,2515896.24
10013,1001327,霧台村,7,,岩?巷,,,１４之１號,,222456.25,2515899.49
10013,1001327,霧台村,7,,岩?巷,,,１５號,,222464.85,2515889.17
10013,1001327,霧台村,7,,岩?巷,,,１６號,,222471.39,2515882.57
10013,1001327,霧台村,8,,岩?巷,,,１７號,,222479.52,2515861.81
10013,1001327,霧台村,8,,岩?巷,,,１８號,,222478.43,2515855.02
10013,1001327,霧台村,8,,岩?巷,,,１９號,,222465.64,2515857.91
10013,1001327,霧台村,8,,岩?巷,,,２０號,,222468.63,2515866.63
10013,1001327,霧台村,7,,岩?巷,,,２１號,,222449.48,2515885.01
10013,1001327,霧台村,7,,岩?巷,,,２２號,,222444.87,2515893.4
10013,1001327,霧台村,7,,岩?巷,,,２２號之１,,222440.9,2515904.65
10013,1001327,霧台村,7,,岩?巷,,,２３號,,222431.15,2515885.27
10013,1001327,霧台村,7,,岩?巷,,,２３之１號,,222433.63,2515874.35
10013,1001327,霧台村,8,,岩?巷,,,２３之２號,,222435.88,2515893.14
10013,1001327,霧台村,7,,岩?巷,,,２３之２號,,222435.88,2515893.14
10013,1001327,霧台村,7,,岩?巷,,,２３之３號,,222436.14,2515897.24
10013,1001327,霧台村,8,,岩?巷,,,２４號,,222450.74,2515859.67
10013,1001327,霧台村,8,,岩?巷,,,２５號,,222441.07,2515854.68
10013,1001327,霧台村,8,,岩?巷,,,２６號,,222430.08,2515854.69
10013,1001327,霧台村,8,,岩?巷,,,２７號,,222401.38,2515863.92
10013,1001327,霧台村,8,,岩?巷,,,２７之１號,,222397.84,2515854.5
10013,1001327,霧台村,8,,岩?巷,,,２７之２號,,222413.1,2515850.39
10013,1001327,霧台村,8,,岩?巷,,,２９號,,222408.98,2515883.25
10013,1001327,霧台村,8,,岩?巷,,,３０號,,222395.75,2515873.99
10013,1001327,霧台村,8,,岩?巷,,,３１號,,222390.72,2515879.02
10013,1001327,霧台村,8,,岩?巷,,,３２號,,222370.54,2515868.14
10013,1001327,霧台村,8,,岩?巷,,,３３號,,222382.82,2515838.09
10013,1001327,霧台村,8,,岩?巷,,,３３之２號,,222388.99,2515833.26
10013,1001327,霧台村,8,,岩?巷,,,３５號,,222484.31,2515809.3
10013,1001327,霧台村,8,,岩?巷,,,３５之１號,,222467.98,2515811.02
10013,1001327,霧台村,8,,岩?巷,,,３６號,,222464.74,2515817.37
10013,1001327,霧台村,8,,岩?巷,,,３７號,,222453.13,2515808.25
10013,1001327,霧台村,8,,岩?巷,,,３７之１號,,222471.16,2515795.8
10013,1001327,霧台村,8,,岩?巷,,,３８號,,222499.69,2515807.6
10013,1001327,霧台村,8,,岩?巷,,,３９號,,222508.93,2515804.54
10013,1001327,霧台村,8,,岩?巷,,,３９之１號,,222519.47,2515794.36
10013,1001327,霧台村,8,,岩?巷,,,４０號,,222528.33,2515827.29
10013,1001327,霧台村,8,,岩?巷,,,４１號,,222493.96,2515823.16
10013,1001327,霧台村,8,,岩?巷,,,４１之１號,,222483.64,2515828.09
10013,1001327,霧台村,8,,岩?巷,,,４２號,,222507.24,2515819.68
10013,1001327,霧台村,8,,岩?巷,,,４３之６號,,222495.75,2515831.18
10013,1001327,霧台村,8,,岩?巷,,,４３號,,222530.02,2515807.74
10013,1001327,霧台村,8,,岩?巷,,,４３之１號,,222538.36,2515820.01
10013,1001327,霧台村,10,,岩?巷,,,４４號,,222307.77,2516075.39
10013,1001327,霧台村,10,,岩?巷,,,４５號,,222313.59,2516085.58
10013,1001327,霧台村,10,,岩?巷,,,４５之１號,,222317.69,2516082.14
10013,1001327,霧台村,10,,岩?巷,,,４６號,,222322.98,2516096.43
10013,1001327,霧台村,10,,岩?巷,,,４６之１號,,222327.12,2516089.96
10013,1001327,霧台村,10,,岩?巷,,,４７號,,222329.59,2516104.75
10013,1001327,霧台村,10,,岩?巷,,,４８號,,222347.32,2516114.16
10013,1001327,霧台村,10,,岩?巷,,,４９號,,222355.57,2516119.41
10013,1001327,霧台村,10,,岩?巷,,,４９之２號,,222363.9,2516110.67
10013,1001327,霧台村,7,,岩?巷,,,４９號,,222356.71,2516119.98
10013,1001327,霧台村,7,,岩?巷,,,４９之１號,,222360.02,2516116.4
10013,1001327,霧台村,10,,岩?巷,,,４９之１號,,222360.02,2516116.4
10013,1001327,霧台村,7,,岩?巷,,,４９之２號,,222530.73,2516000.08
10013,1001327,霧台村,7,,岩?巷,,,４９之４號,,222500.1,2515984.45
10013,1001327,霧台村,7,,岩?巷,,,４９之５號,,222470.26,2515964.77
10013,1001327,霧台村,10,,岩?巷,,,５０號,,222367.43,2516129.63
10013,1001327,霧台村,10,,岩?巷,,,５０之１號,,222377.09,2516132.54
10013,1001327,霧台村,10,,岩?巷,,,５１號,,222493.54,2515978.1
10013,1001327,霧台村,7,,岩?巷,,,５１號,,222530.73,2516000.08
10013,1001327,霧台村,10,,岩?巷,,,５２號,,222343.47,2516134
10013,1001327,霧台村,10,,岩?巷,,,５３號,,222352.34,2516142.07
10013,1001327,霧台村,10,,岩?巷,,,５４號,,222364.91,2516158.08
10013,1001327,霧台村,10,,岩?巷,,,５５號,,222332.63,2516147.75
10013,1001327,霧台村,10,,岩?巷,,,５６之１號,,222339.76,2516157.4
10013,1001327,霧台村,10,,岩?巷,,,５６號,,222337.38,2516151.85
10013,1001327,霧台村,10,,岩?巷,,,５７號,,222325.75,2516140.61
10013,1001327,霧台村,10,,岩?巷,,,５８號,,222333.69,2516166.81
10013,1001327,霧台村,10,,岩?巷,,,５９號,,222314.64,2516125
10013,1001327,霧台村,10,,岩?巷,,,６０號,,222306.44,2516112.83
10013,1001327,霧台村,10,,岩?巷,,,６０之１號,,222312.79,2516108.2
10013,1001327,霧台村,10,,岩?巷,,,６１號,,222301.41,2516104.49
10013,1001327,霧台村,10,,岩?巷,,,６２號,,222296.51,2516096.82
10013,1001327,霧台村,10,,岩?巷,,,６２之１號,,222307.24,2516095.77
10013,1001327,霧台村,10,,岩?巷,,,６３號,,222291.35,2516089.01
10013,1001327,霧台村,10,,岩?巷,,,６７號,,222265.23,2516063.99
10013,1001327,霧台村,10,,岩?巷,,,８４之１０號,,222179.6,2515917.2
10013,1001327,霧台村,12,文化街,,,,９０號,,207187.76,2510448.36
10013,1001327,霧台村,12,文化街,,,,９２號,,207181.78,2510446.37
10013,1001327,霧台村,12,文化街,,,,９６號,,207166.35,2510431.93
10013,1001327,霧台村,12,文化街,,,,９８號,,207160.37,2510427.45
10013,1001327,霧台村,12,文化街,,,,１００號,,207154.9,2510422.96
10013,1001327,霧台村,12,文化街,,,,１０２號,,207149.92,2510419.48
10013,1001327,霧台村,12,文化街,,,,１１２號,,207114.06,2510382.63
10013,1001327,霧台村,12,文化街,,,,１１６號,,207107.09,2510378.15
10013,1001327,霧台村,12,文化街,,,,１１８號,,207099.12,2510372.67
10013,1001327,霧台村,12,文化街,,,,１２０號,,207094.64,2510368.19
10013,1001327,霧台村,12,文化街,,,,１２６號（谷川基督長老教會）,,207086.58,2510347.78
10013,1001327,霧台村,12,文化街,,,,２００號（百合部落霧台國民小學）,,206920.78,2510296.92
10013,1001327,霧台村,12,百合路,,,,１號（百合部落產銷中心）,,207414.33,2510676.93
10013,1001327,霧台村,12,百合路,,,,９１號,,207168.34,2510471.27
10013,1001327,霧台村,12,百合路,,,,９３號,,207161.87,2510467.28
10013,1001327,霧台村,12,百合路,,９５巷,,２號,,207149.42,2510439.4
10013,1001327,霧台村,12,百合路,,９５巷,,６號,,207154.9,2510434.92
10013,1001327,霧台村,12,百合路,,,,９７號,,207148.42,2510452.34
10013,1001327,霧台村,12,百合路,,,,９９號,,207140.45,2510447.86
10013,1001327,霧台村,12,百合路,,,,１０１號,,207135.48,2510441.39
10013,1001327,霧台村,12,百合路,,,,１０３號,,207130.5,2510437.9
10013,1001327,霧台村,12,百合路,,,,１０７號（谷川多功能集會所）,,207123.78,2510412.27
10013,1001327,霧台村,12,百合路,,,,１１１號,,207095.14,2510403.54
10013,1001327,霧台村,12,百合路,,,,１１３號,,207089.17,2510399.56
10013,1001327,霧台村,12,百合路,,,,１１５號,,207083.19,2510393.59
10013,1001327,霧台村,12,百合路,,,,１１７號,,207077.21,2510389.1
10013,1001327,霧台村,12,百合路,,１１９巷,,１號,,207089.66,2510384.12
10013,1001327,霧台村,12,百合路,,１１９巷,,３號,,207092.65,2510378.65
10013,1001327,霧台村,12,百合路,,,,１２１號,,207066.76,2510380.14
10013,1001327,霧台村,12,百合路,,,,１２３號,,207060.78,2510376.66
10013,1001327,霧台村,12,百合路,,,,２００號（霧台鄉百合衛生室）,,206874.69,2510322.4
10013,1001327,霧台村,12,百合路,,,,２０２號（霧台鄉公所百合辦公室）,,206833.3,2510296
10013,1001327,霧台村,1,,神山巷,,,１號,,222105.4,2516757.01
10013,1001327,霧台村,1,,神山巷,,,１之２６號,,221954.06,2516972.82
10013,1001327,霧台村,1,,神山巷,,,１之２７號,,222166.17,2516907.39
10013,1001327,霧台村,1,,神山巷,,,１之１號,,222121.27,2516758.6
10013,1001327,霧台村,1,,神山巷,,,１之１６號,,222073.45,2516947
10013,1001327,霧台村,1,,神山巷,,,１之１７號,,222041.17,2516962.34
10013,1001327,霧台村,1,,神山巷,,,１之１９號,,222037.3,2516953.18
10013,1001327,霧台村,1,,神山巷,,,１之２０號,,221950.17,2516952.29
10013,1001327,霧台村,1,,神山巷,,,１之２號,,222142.7,2516765.75
10013,1001327,霧台村,1,,神山巷,,,１之２１號,,221977.91,2516970.26
10013,1001327,霧台村,1,,神山巷,,,１之２２號,,222122.9,2516880.99
10013,1001327,霧台村,1,,神山巷,,,１之２３號,,222139.15,2516879.49
10013,1001327,霧台村,1,,神山巷,,,１之２４號,,222049.63,2516901.49
10013,1001327,霧台村,1,,神山巷,,,１之５號,,222113.4,2516799.36
10013,1001327,霧台村,1,,神山巷,,,１之９號,,222106.52,2516828.46
10013,1001327,霧台村,1,,神山巷,,,２號,,222094.02,2516759.92
10013,1001327,霧台村,1,,神山巷,,,３號,,222083.44,2516760.45
10013,1001327,霧台村,1,,神山巷,,,３之３號,,222072.99,2516782.25
10013,1001327,霧台村,1,,神山巷,,,４之１號,,222059.63,2516746.17
10013,1001327,霧台村,1,,神山巷,,,５號,,222089.79,2516746.96
10013,1001327,霧台村,1,,神山巷,,,６號,,222101.96,2516745.37
10013,1001327,霧台村,1,,神山巷,,,６之１號,,222120.22,2516745.37
10013,1001327,霧台村,1,,神山巷,,,８號,,222089.79,2516732.94
10013,1001327,霧台村,1,,神山巷,,,９號,,222079.2,2516733.2
10013,1001327,霧台村,1,,神山巷,,,１０號,,222061.21,2516732.67
10013,1001327,霧台村,1,,神山巷,,,１１號,,222053.01,2516730.29
10013,1001327,霧台村,1,,神山巷,,,１２之５號,,222036.37,2516807.16
10013,1001327,霧台村,1,,神山巷,,,１２號,,222037.62,2516733.25
10013,1001327,霧台村,1,,神山巷,,,１２之８號,,222035.18,2516815.22
10013,1001327,霧台村,1,,神山巷,,,１２之１號,,222037.04,2516754.24
10013,1001327,霧台村,1,,神山巷,,,１３號,,222015.44,2516733.2
10013,1001327,霧台村,1,,神山巷,,,１４號,,222017.87,2516715.83
10013,1001327,霧台村,1,,神山巷,,,１４之９號（霧台家扶中心）,,221839.09,2516863.67
10013,1001327,霧台村,1,,神山巷,,,１４之１號,,222002.52,2516720.85
10013,1001327,霧台村,1,,神山巷,,,１４之６號,,221871.97,2516845.88
10013,1001327,霧台村,1,,神山巷,,,１５號,,222031.32,2516717.53
10013,1001327,霧台村,1,,神山巷,,,１５之１號,,222038.79,2516713.5
10013,1001327,霧台村,1,,神山巷,,,１６號,,222056.62,2516717.28
10013,1001327,霧台村,1,,神山巷,,,１６號之１,,222061.41,2516711.75
10013,1001327,霧台村,1,,神山巷,,,１７號,,222064.32,2516719.49
10013,1001327,霧台村,1,,神山巷,,,１８號,,222077.25,2516720.57
10013,1001327,霧台村,1,,神山巷,,,１８之１號,,222083.57,2516717.43
10013,1001327,霧台村,1,,神山巷,,,１９號,,222098,2516719.03
10013,1001327,霧台村,1,,神山巷,,,１９之２號,,222129.07,2516691.16
10013,1001327,霧台村,1,,神山巷,,,１９之１號,,222119.69,2516713.62
10013,1001327,霧台村,2,,神山巷,,,２１號,,222079.82,2516692.49
10013,1001327,霧台村,2,,神山巷,,,２１之１號,,222091.35,2516692.31
10013,1001327,霧台村,2,,神山巷,,,２２號,,222063.92,2516695.49
10013,1001327,霧台村,2,,神山巷,,,２３號,,222049.47,2516692.56
10013,1001327,霧台村,2,,神山巷,,,２４號,,222039.21,2516692.49
10013,1001327,霧台村,2,,神山巷,,,２４之１號,,222030.67,2516693.25
10013,1001327,霧台村,2,,神山巷,,,２５號,,222021.07,2516696.23
10013,1001327,霧台村,2,,神山巷,,,２５之９號,,221829.2,2516840.81
10013,1001327,霧台村,2,,神山巷,,,２５之１２號,,221805.97,2516863.21
10013,1001327,霧台村,2,,神山巷,,,２５之１號,,222003.25,2516698.24
10013,1001327,霧台村,2,,神山巷,,,２５之１１號,,221812.38,2516857.37
10013,1001327,霧台村,2,,神山巷,,,２５之６號,,221861.48,2516809.37
10013,1001327,霧台村,2,,神山巷,,,２６號,,222053.47,2516681.83
10013,1001327,霧台村,2,,神山巷,,,２６之１號,,222084.59,2516706.11
10013,1001327,霧台村,2,,神山巷,,,２６之２號,,221999.59,2516680.92
10013,1001327,霧台村,2,,神山巷,,,２７號,,222058.59,2516666.9
10013,1001327,霧台村,2,,神山巷,,,２８號,,222073.93,2516667.82
10013,1001327,霧台村,2,,神山巷,,,２８之１號,,222089.02,2516677.61
10013,1001327,霧台村,2,,神山巷,,,２８之３號,,222086.51,2516660.94
10013,1001327,霧台村,2,,神山巷,,,２９號,,222097.62,2516656.05
10013,1001327,霧台村,2,,神山巷,,,３０號,,222110.98,2516651.95
10013,1001327,霧台村,2,,神山巷,,,３１號,,222113.77,2516669.78
10013,1001327,霧台村,2,,神山巷,,,３１之１號,,222102.77,2516671.92
10013,1001327,霧台村,3,,神山巷,,,３２號,,222130.82,2516673.9
10013,1001327,霧台村,2,,神山巷,,,３２之１號,,222103.04,2516686.21
10013,1001327,霧台村,3,,神山巷,,,３２之２號,,222139.82,2516669.41
10013,1001327,霧台村,3,,神山巷,,,３３號,,222137.04,2516657.9
10013,1001327,霧台村,3,,神山巷,,,３４號,,222127.57,2516663.83
10013,1001327,霧台村,3,,神山巷,,,３５號,,222124.34,2516646.92
10013,1001327,霧台村,3,,神山巷,,,３６號,,222139.95,2516642.02
10013,1001327,霧台村,3,,神山巷,,,３７號,,222148.68,2516639.11
10013,1001327,霧台村,3,,神山巷,,,３８號,,222214.73,2516631.49
10013,1001327,霧台村,3,,神山巷,,,３８之３號,,222267.06,2516629.48
10013,1001327,霧台村,3,,神山巷,,,３９號,,222172.89,2516638.32
10013,1001327,霧台村,3,,神山巷,,,３９之４號,,222198.32,2516637.56
10013,1001327,霧台村,3,,神山巷,,,３９之１號,,222175.25,2516613.61
10013,1001327,霧台村,3,,神山巷,,,３９之２號,,222198.53,2516606.47
10013,1001327,霧台村,3,,神山巷,,,３９之３號,,222184.77,2516639.27
10013,1001327,霧台村,3,,神山巷,,,４０號,,222151.59,2516620.99
10013,1001327,霧台村,3,,神山巷,,,４１號,,222134.39,2516627.21
10013,1001327,霧台村,3,,神山巷,,,４２號,,222117.86,2516631.57
10013,1001327,霧台村,2,,神山巷,,,４３之１號（神山社區動中心）,,222086.63,2516643.87
10013,1001327,霧台村,2,,神山巷,,,４３號,,222102.49,2516637.69
10013,1001327,霧台村,2,,神山巷,,,４４號,,222074.2,2516647.71
10013,1001327,霧台村,2,,神山巷,,,４４之１號,,222063.75,2516649.43
10013,1001327,霧台村,2,,神山巷,,,４５之１號,,222084.45,2516629.01
10013,1001327,霧台村,2,,神山巷,,,４５號,,222071.29,2516631.84
10013,1001327,霧台村,3,,神山巷,,,４８號,,222110.17,2516619
10013,1001327,霧台村,3,,神山巷,,,４９號,,222127.53,2516618.17
10013,1001327,霧台村,3,,神山巷,,,５０號,,222136.4,2516612.99
10013,1001327,霧台村,3,,神山巷,,,５１號,,222147.29,2516609.5
10013,1001327,霧台村,3,,神山巷,,,５２號,,222157.59,2516607.75
10013,1001327,霧台村,3,,神山巷,,,５３號,,222169.16,2516597.47
10013,1001327,霧台村,3,,神山巷,,,５４號,,222185.04,2516590.86
10013,1001327,霧台村,3,,神山巷,,,５６號,,222152.23,2516591.12
10013,1001327,霧台村,3,,神山巷,,,５７號,,222118.81,2516601.28
10013,1001327,霧台村,3,,神山巷,,,５７之１號,,222136.26,2516598.24
10013,1001327,霧台村,3,,神山巷,,,５８之１號（神山長老教會）,,222085.03,2516611.76
10013,1001327,霧台村,3,,神山巷,,,５８號,,222106.46,2516604.61
10013,1001327,霧台村,3,,神山巷,,,５９號,,222114.45,2516590.77
10013,1001327,霧台村,3,,神山巷,,,５９之１號,,222082.38,2516601.7
10013,1001327,霧台村,3,,神山巷,,,６１號,,222151.17,2516577.63
10013,1001327,霧台村,3,,神山巷,,,６１之１號,,222130.37,2516576.43
10013,1001327,霧台村,3,,神山巷,,,６１之３號,,222205.15,2516566.51
10013,1001327,霧台村,3,,神山巷,,,６２之１號,,222310.39,2516635.56
10013,1001327,霧台村,3,,神山巷,,,６２號,,222286.17,2516613.55
10013,1001327,霧台村,3,,神山巷,,,６７號（霧台鄉公所附屬辦公室）,,221890.54,2516570.74
10013,1001327,霧台村,3,,神山巷,,,６８號（霧臺鄉衛生所）,,221866.82,2516596.56
10013,1001327,霧台村,3,,神山巷,,,６９之１號（霧台鄉圖書館）,,221939.87,2516545.25
10013,1001327,霧台村,3,,神山巷,,,６９號（霧台消防分隊）,,221920.59,2516570.61
10013,1001327,霧台村,3,,神山巷,,,７０號,,221869.75,2516610.05
10013,1001327,霧台村,3,,神山巷,,,７０之１號,,221970.68,2516568.78
10013,1001327,霧台村,3,,神山巷,,,７１號（霧台派出所）,,222013.04,2516532.75
10013,1001327,霧台村,3,,神山巷,,,７２號（內埔戶政事務所霧台辦公室）,,222043.72,2516555.08
10013,1001327,霧台村,3,,神山巷,,,７３號,,222101.93,2516523.99
10013,1001327,霧台村,3,,神山巷,,,７４號（鄉公所民宿）,,222032.64,2516492.7
10013,1001327,霧台村,11,,谷村巷,,,１號,,219750.67,2516156.58
10013,1001327,霧台村,11,,谷村巷,,,１之１號,,219767.52,2516149.65
10013,1001327,霧台村,11,,谷村巷,,,２號,,219790.76,2516202.6
10013,1001327,霧台村,11,,谷村巷,,,３號,,219781.3,2516207.77
10013,1001327,霧台村,11,,谷村巷,,,３之１號,,219698.34,2516174.36
10013,1001327,霧台村,11,,谷村巷,,,３之２號,,219699.98,2516168.44
10013,1001327,霧台村,11,,谷村巷,,,４號,,219767.91,2516182.74
10013,1001327,霧台村,11,,谷村巷,,,５號,,219770.28,2516210.64
10013,1001327,霧台村,11,,谷村巷,,,５之１號,,219791.74,2516220.76
10013,1001327,霧台村,11,,谷村巷,,,５之２號,,219778.96,2516223.74
10013,1001327,霧台村,11,,谷村巷,,,６號,,219728.31,2516214.01
10013,1001327,霧台村,11,,谷村巷,,,７號,,219792.56,2516163.29
10013,1001327,霧台村,11,,谷村巷,,,７之１０號,,220040.64,2516229.5
10013,1001327,霧台村,11,,谷村巷,,,７之１１號,,220060.31,2516215.49
10013,1001327,霧台村,11,,谷村巷,,,８之１號（谷川教會）,,219749,2516272.37
10013,1001327,霧台村,11,,谷村巷,,,８號,,219749.07,2516251
10013,1001327,霧台村,11,,谷村巷,,,９號,,219763.49,2516231.47
10013,1001327,霧台村,11,,谷村巷,,,９之１號,,219716.12,2516127.72
10013,1001327,霧台村,11,,谷村巷,,,９之２號,,219746.18,2516138.93
10013,1001327,霧台村,11,,谷村巷,,,９之３號,,219762.82,2516168.94
10013,1001327,霧台村,11,,谷村巷,,,９之４號,,219727.77,2516176.6
10013,1001327,霧台村,11,,谷村巷,,,９之５號,,219720.61,2516181.65
10013,1001327,霧台村,11,,谷村巷,,,９之６號,,219735.01,2516156.99
10013,1001327,霧台村,11,,谷村巷,,,９之７號,,219703.62,2516154.5
10013,1001327,霧台村,11,,谷村巷,,,９之８號,,219714.91,2516111.12
10013,1001327,霧台村,11,,谷村巷,,,１０號,,219771.95,2516162.13
10013,1001327,霧台村,11,,谷村巷,,,１０之１號,,219748.07,2516176.64
10013,1001327,霧台村,11,,谷村巷,,,１１號,,219777.11,2516192.77
10013,1001327,霧台村,11,,谷村巷,,,１２號,,219762.69,2516199.92
10013,1001327,霧台村,11,,谷村巷,,,１２之５號,,219720.76,2516273.98
10013,1001327,霧台村,11,,谷村巷,,,１２之１號,,219752.48,2516236.1
10013,1001327,霧台村,11,,谷村巷,,,１２之２號,,219745.63,2516224.61
10013,1001327,霧台村,11,,谷村巷,,,１２之３號,,219733.2,2516236.13
10013,1001327,霧台村,11,,谷村巷,,,１２之４號,,219748.9,2516206.19
10013,1001327,霧台村,11,,谷村巷,,,１３號,,219781.23,2516171.42
10013,1001327,霧台村,11,,谷村巷,,,１３之１號,,219736.82,2516185.56
10013,1001327,霧台村,11,,谷村巷,,,１４號,,219752.06,2516209.5
10013,1001327,霧台村,11,,谷村巷,,,１４之１號,,219737.12,2516211.26
10013,1001327,霧台村,11,,谷村巷,,,１４之２號,,219744.72,2516209.05
10013,1001327,霧台村,11,,谷村巷,,,１５號,,219757.52,2516219.21
10013,1001327,霧台村,11,,谷村巷,,,１７號,,219740.33,2516165.81
10013,1001327,霧台村,11,,谷村巷,,,１７之１號,,219701.95,2516158.46
10013,1001327,霧台村,11,,谷村巷,,,１７之２號,,219698.95,2516163
10013,1001327,霧台村,11,,谷村巷,,,１８之３號（霧台國小伊拉分班）,,219809.27,2516170.85
10013,1001327,霧台村,11,,谷村巷,,,１８之１號,,219786.02,2516186.95
10013,1001327,霧台村,11,,谷村巷,,,１８之２號,,219792.96,2516183.1
10013,1001327,霧台村,11,,谷村巷,,,２２號,,219855.86,2516197.82
10013,1001327,霧台村,11,,谷村巷,,,２３號,,219863.17,2516214.24
10013,1001327,霧台村,11,,谷村巷,,,２４號,,219855.22,2516218.69
10013,1001327,霧台村,11,,谷村巷,,,６６之７號,,220352.74,2515720.16
10013,1001327,霧台村,11,,谷村巷,,,６６之５號,,220302.26,2515740.28
10013,1001327,霧台村,11,,谷村巷,,,６６號,,220286.03,2515621.25
10013,1001327,霧台村,11,,谷村巷,,,６７號,,220278.06,2515624.49
10013,1001327,霧台村,11,,谷村巷,,,６８號,,220272.43,2515634.24
10013,1001327,霧台村,12,魯凱街,,,,２０１號（霧台鄉百合資源回收場）,,206809.3,2510304.81
10013,1001327,霧台村,12,魯凱街,,,,２００之１號,,206841.86,2510336.26
10013,1001327,霧台村,12,魯凱街,,,,２００號（文教協會圖書館）,,206855.35,2510350.69
